--------------------------------------------------------
--  File created - Sunday-April-25-2021   
--------------------------------------------------------
--------------------------------------------------------
--  DDL for Sequence CCORREO
--------------------------------------------------------

   CREATE SEQUENCE  "USQL"."CCORREO"  MINVALUE 1 MAXVALUE 9999999999999999999999999999 INCREMENT BY 1 START WITH 1 CACHE 20 NOORDER  NOCYCLE  NOKEEP  NOSCALE  GLOBAL ;
--------------------------------------------------------
--  DDL for Sequence CDIRECCION
--------------------------------------------------------

   CREATE SEQUENCE  "USQL"."CDIRECCION"  MINVALUE 1 MAXVALUE 9999999999999999999999999999 INCREMENT BY 1 START WITH 1 CACHE 20 NOORDER  NOCYCLE  NOKEEP  NOSCALE  GLOBAL ;
--------------------------------------------------------
--  DDL for Sequence CORDEN
--------------------------------------------------------

   CREATE SEQUENCE  "USQL"."CORDEN"  MINVALUE 1 MAXVALUE 9999999999999999999999999999 INCREMENT BY 1 START WITH 21 CACHE 20 NOORDER  NOCYCLE  NOKEEP  NOSCALE  GLOBAL ;
--------------------------------------------------------
--  DDL for Sequence CPRODUCTO
--------------------------------------------------------

   CREATE SEQUENCE  "USQL"."CPRODUCTO"  MINVALUE 1 MAXVALUE 9999999999999999999999999999 INCREMENT BY 1 START WITH 21 CACHE 20 NOORDER  NOCYCLE  NOKEEP  NOSCALE  GLOBAL ;
--------------------------------------------------------
--  DDL for Sequence CPROVEEDOR
--------------------------------------------------------

   CREATE SEQUENCE  "USQL"."CPROVEEDOR"  MINVALUE 1 MAXVALUE 9999999999999999999999999999 INCREMENT BY 1 START WITH 41 CACHE 20 NOORDER  NOCYCLE  NOKEEP  NOSCALE  GLOBAL ;
--------------------------------------------------------
--  DDL for Sequence CROL
--------------------------------------------------------

   CREATE SEQUENCE  "USQL"."CROL"  MINVALUE 1 MAXVALUE 9999999999999999999999999999 INCREMENT BY 1 START WITH 41 CACHE 20 NOORDER  NOCYCLE  NOKEEP  NOSCALE  GLOBAL ;
--------------------------------------------------------
--  DDL for Sequence CSUCURSAL
--------------------------------------------------------

   CREATE SEQUENCE  "USQL"."CSUCURSAL"  MINVALUE 1 MAXVALUE 9999999999999999999999999999 INCREMENT BY 1 START WITH 21 CACHE 20 NOORDER  NOCYCLE  NOKEEP  NOSCALE  GLOBAL ;
--------------------------------------------------------
--  DDL for Sequence CTELEFONO
--------------------------------------------------------

   CREATE SEQUENCE  "USQL"."CTELEFONO"  MINVALUE 1 MAXVALUE 9999999999999999999999999999 INCREMENT BY 1 START WITH 1 CACHE 20 NOORDER  NOCYCLE  NOKEEP  NOSCALE  GLOBAL ;
--------------------------------------------------------
--  DDL for Sequence CTIPOPRODUCTO
--------------------------------------------------------

   CREATE SEQUENCE  "USQL"."CTIPOPRODUCTO"  MINVALUE 1 MAXVALUE 9999999999999999999999999999 INCREMENT BY 1 START WITH 41 CACHE 20 NOORDER  NOCYCLE  NOKEEP  NOSCALE  GLOBAL ;
--------------------------------------------------------
--  DDL for Sequence CUSUARIO
--------------------------------------------------------

   CREATE SEQUENCE  "USQL"."CUSUARIO"  MINVALUE 1 MAXVALUE 9999999999999999999999999999 INCREMENT BY 1 START WITH 81 CACHE 20 NOORDER  NOCYCLE  NOKEEP  NOSCALE  GLOBAL ;
--------------------------------------------------------
--  DDL for Table CANTON
--------------------------------------------------------

  CREATE TABLE "USQL"."CANTON" 
   (	"IDCANTON" NUMBER(*,0), 
	"DESCRIPCIONCANTON" VARCHAR2(20 BYTE), 
	"IDPROVINCIA" NUMBER(*,0)
   ) SEGMENT CREATION IMMEDIATE 
  PCTFREE 10 PCTUSED 40 INITRANS 1 MAXTRANS 255 
 NOCOMPRESS LOGGING
  STORAGE(INITIAL 65536 NEXT 1048576 MINEXTENTS 1 MAXEXTENTS 2147483645
  PCTINCREASE 0 FREELISTS 1 FREELIST GROUPS 1
  BUFFER_POOL DEFAULT FLASH_CACHE DEFAULT CELL_FLASH_CACHE DEFAULT)
  TABLESPACE "SYSTEM" ;
--------------------------------------------------------
--  DDL for Table CORREO
--------------------------------------------------------

  CREATE TABLE "USQL"."CORREO" 
   (	"IDCORREO" NUMBER(*,0), 
	"CORREOELECTRONICO" VARCHAR2(30 BYTE), 
	"IDUSUARIO" NUMBER(*,0)
   ) SEGMENT CREATION DEFERRED 
  PCTFREE 10 PCTUSED 40 INITRANS 1 MAXTRANS 255 
 NOCOMPRESS LOGGING
  TABLESPACE "SYSTEM" ;
--------------------------------------------------------
--  DDL for Table DIRECCION
--------------------------------------------------------

  CREATE TABLE "USQL"."DIRECCION" 
   (	"IDDIRECCION" NUMBER(*,0), 
	"CALLE" VARCHAR2(50 BYTE), 
	"IDDISTRITO" NUMBER(*,0), 
	"IDCANTON" NUMBER(*,0), 
	"IDPROVINCIA" NUMBER(*,0), 
	"IDUSUARIO" NUMBER(*,0), 
	"IDTIPODIRECCION" CHAR(18 BYTE)
   ) SEGMENT CREATION DEFERRED 
  PCTFREE 10 PCTUSED 40 INITRANS 1 MAXTRANS 255 
 NOCOMPRESS LOGGING
  TABLESPACE "SYSTEM" ;
--------------------------------------------------------
--  DDL for Table DISTRITO
--------------------------------------------------------

  CREATE TABLE "USQL"."DISTRITO" 
   (	"IDDISTRITO" NUMBER(*,0), 
	"DESCRIPCIONDISTRITO" VARCHAR2(20 BYTE), 
	"IDCANTON" NUMBER(*,0)
   ) SEGMENT CREATION IMMEDIATE 
  PCTFREE 10 PCTUSED 40 INITRANS 1 MAXTRANS 255 
 NOCOMPRESS LOGGING
  STORAGE(INITIAL 65536 NEXT 1048576 MINEXTENTS 1 MAXEXTENTS 2147483645
  PCTINCREASE 0 FREELISTS 1 FREELIST GROUPS 1
  BUFFER_POOL DEFAULT FLASH_CACHE DEFAULT CELL_FLASH_CACHE DEFAULT)
  TABLESPACE "SYSTEM" ;
--------------------------------------------------------
--  DDL for Table METODOPAGO
--------------------------------------------------------

  CREATE TABLE "USQL"."METODOPAGO" 
   (	"IDMETODO" NUMBER(*,0), 
	"TIPOMETODOPAGO" VARCHAR2(20 BYTE), 
	"IDORDEN" NUMBER(*,0), 
	"IDUSUARIO" NUMBER(*,0), 
	"IDSUCURSAL" NUMBER(*,0)
   ) SEGMENT CREATION DEFERRED 
  PCTFREE 10 PCTUSED 40 INITRANS 1 MAXTRANS 255 
 NOCOMPRESS LOGGING
  TABLESPACE "SYSTEM" ;
--------------------------------------------------------
--  DDL for Table ORDEN
--------------------------------------------------------

  CREATE TABLE "USQL"."ORDEN" 
   (	"IDORDEN" NUMBER(*,0), 
	"FECHAORDEN" DATE, 
	"IDUSUARIO" NUMBER(*,0), 
	"IDSUCURSAL" NUMBER(*,0)
   ) SEGMENT CREATION IMMEDIATE 
  PCTFREE 10 PCTUSED 40 INITRANS 1 MAXTRANS 255 
 NOCOMPRESS LOGGING
  STORAGE(INITIAL 65536 NEXT 1048576 MINEXTENTS 1 MAXEXTENTS 2147483645
  PCTINCREASE 0 FREELISTS 1 FREELIST GROUPS 1
  BUFFER_POOL DEFAULT FLASH_CACHE DEFAULT CELL_FLASH_CACHE DEFAULT)
  TABLESPACE "SYSTEM" ;
--------------------------------------------------------
--  DDL for Table ORDENPRODUCTO
--------------------------------------------------------

  CREATE TABLE "USQL"."ORDENPRODUCTO" 
   (	"IDSUCURSAL" NUMBER(*,0), 
	"IDORDEN" NUMBER(*,0), 
	"IDUSUARIO" NUMBER(*,0), 
	"IDPRODUCTO" NUMBER(*,0), 
	"IDTIPOPRODUCTO" NUMBER(*,0)
   ) SEGMENT CREATION IMMEDIATE 
  PCTFREE 10 PCTUSED 40 INITRANS 1 MAXTRANS 255 
 NOCOMPRESS LOGGING
  STORAGE(INITIAL 65536 NEXT 1048576 MINEXTENTS 1 MAXEXTENTS 2147483645
  PCTINCREASE 0 FREELISTS 1 FREELIST GROUPS 1
  BUFFER_POOL DEFAULT FLASH_CACHE DEFAULT CELL_FLASH_CACHE DEFAULT)
  TABLESPACE "SYSTEM" ;
--------------------------------------------------------
--  DDL for Table PRODUCTO
--------------------------------------------------------

  CREATE TABLE "USQL"."PRODUCTO" 
   (	"IDPRODUCTO" NUMBER(*,0), 
	"DESCRIPCIONPRODUCTO" VARCHAR2(30 BYTE), 
	"PRECIOPRODUCTO" NUMBER(*,0), 
	"FECHAELABORADO" DATE, 
	"FECHAVENCIMIENTO" DATE, 
	"IDTIPOPRODUCTO" NUMBER(*,0), 
	"NUMEROSERIE" NUMBER(*,0), 
	"CANTIDADSTOCK" NUMBER(*,0), 
	"CANTIDADMINIMA" NUMBER(*,0)
   ) SEGMENT CREATION IMMEDIATE 
  PCTFREE 10 PCTUSED 40 INITRANS 1 MAXTRANS 255 
 NOCOMPRESS LOGGING
  STORAGE(INITIAL 65536 NEXT 1048576 MINEXTENTS 1 MAXEXTENTS 2147483645
  PCTINCREASE 0 FREELISTS 1 FREELIST GROUPS 1
  BUFFER_POOL DEFAULT FLASH_CACHE DEFAULT CELL_FLASH_CACHE DEFAULT)
  TABLESPACE "SYSTEM" ;
--------------------------------------------------------
--  DDL for Table PRODUCTOPROVEEDOR
--------------------------------------------------------

  CREATE TABLE "USQL"."PRODUCTOPROVEEDOR" 
   (	"IDPRODUCTO" NUMBER(*,0), 
	"IDPROVEEDOR" NUMBER(*,0), 
	"IDTIPOPRODUCTO" NUMBER(*,0)
   ) SEGMENT CREATION DEFERRED 
  PCTFREE 10 PCTUSED 40 INITRANS 1 MAXTRANS 255 
 NOCOMPRESS LOGGING
  TABLESPACE "SYSTEM" ;
--------------------------------------------------------
--  DDL for Table PROVEEDOR
--------------------------------------------------------

  CREATE TABLE "USQL"."PROVEEDOR" 
   (	"IDPROVEEDOR" NUMBER(*,0), 
	"NOMBRE" VARCHAR2(40 BYTE), 
	"CEDULAJURIDICA" VARCHAR2(20 BYTE), 
	"TELEFONOPROVEEDOR" VARCHAR2(10 BYTE)
   ) SEGMENT CREATION IMMEDIATE 
  PCTFREE 10 PCTUSED 40 INITRANS 1 MAXTRANS 255 
 NOCOMPRESS LOGGING
  STORAGE(INITIAL 65536 NEXT 1048576 MINEXTENTS 1 MAXEXTENTS 2147483645
  PCTINCREASE 0 FREELISTS 1 FREELIST GROUPS 1
  BUFFER_POOL DEFAULT FLASH_CACHE DEFAULT CELL_FLASH_CACHE DEFAULT)
  TABLESPACE "SYSTEM" ;
--------------------------------------------------------
--  DDL for Table PROVINCIA
--------------------------------------------------------

  CREATE TABLE "USQL"."PROVINCIA" 
   (	"IDPROVINCIA" NUMBER(*,0), 
	"DESCRIPCIONPROVINCIA" VARCHAR2(20 BYTE)
   ) SEGMENT CREATION IMMEDIATE 
  PCTFREE 10 PCTUSED 40 INITRANS 1 MAXTRANS 255 
 NOCOMPRESS LOGGING
  STORAGE(INITIAL 65536 NEXT 1048576 MINEXTENTS 1 MAXEXTENTS 2147483645
  PCTINCREASE 0 FREELISTS 1 FREELIST GROUPS 1
  BUFFER_POOL DEFAULT FLASH_CACHE DEFAULT CELL_FLASH_CACHE DEFAULT)
  TABLESPACE "SYSTEM" ;
--------------------------------------------------------
--  DDL for Table ROLES
--------------------------------------------------------

  CREATE TABLE "USQL"."ROLES" 
   (	"IDROL" NUMBER(*,0), 
	"NOMBREROL" VARCHAR2(20 BYTE)
   ) SEGMENT CREATION IMMEDIATE 
  PCTFREE 10 PCTUSED 40 INITRANS 1 MAXTRANS 255 
 NOCOMPRESS LOGGING
  STORAGE(INITIAL 65536 NEXT 1048576 MINEXTENTS 1 MAXEXTENTS 2147483645
  PCTINCREASE 0 FREELISTS 1 FREELIST GROUPS 1
  BUFFER_POOL DEFAULT FLASH_CACHE DEFAULT CELL_FLASH_CACHE DEFAULT)
  TABLESPACE "SYSTEM" ;
--------------------------------------------------------
--  DDL for Table SUCURSAL
--------------------------------------------------------

  CREATE TABLE "USQL"."SUCURSAL" 
   (	"IDSUCURSAL" NUMBER(*,0), 
	"NOMBRESUCURSAL" VARCHAR2(30 BYTE)
   ) SEGMENT CREATION IMMEDIATE 
  PCTFREE 10 PCTUSED 40 INITRANS 1 MAXTRANS 255 
 NOCOMPRESS LOGGING
  STORAGE(INITIAL 65536 NEXT 1048576 MINEXTENTS 1 MAXEXTENTS 2147483645
  PCTINCREASE 0 FREELISTS 1 FREELIST GROUPS 1
  BUFFER_POOL DEFAULT FLASH_CACHE DEFAULT CELL_FLASH_CACHE DEFAULT)
  TABLESPACE "SYSTEM" ;
--------------------------------------------------------
--  DDL for Table SUCURSALPRODUCTO
--------------------------------------------------------

  CREATE TABLE "USQL"."SUCURSALPRODUCTO" 
   (	"IDPRODUCTO" NUMBER(*,0), 
	"IDTIPOPRODUCTO" NUMBER(*,0), 
	"IDSUCURSAL" NUMBER(*,0)
   ) SEGMENT CREATION DEFERRED 
  PCTFREE 10 PCTUSED 40 INITRANS 1 MAXTRANS 255 
 NOCOMPRESS LOGGING
  TABLESPACE "SYSTEM" ;
--------------------------------------------------------
--  DDL for Table TELEFONO
--------------------------------------------------------

  CREATE TABLE "USQL"."TELEFONO" 
   (	"IDTELEFONO" NUMBER(*,0), 
	"TELEFONO" VARCHAR2(10 BYTE), 
	"IDUSUARIO" NUMBER(*,0), 
	"IDTIPOTELEFONO" NUMBER(*,0)
   ) SEGMENT CREATION DEFERRED 
  PCTFREE 10 PCTUSED 40 INITRANS 1 MAXTRANS 255 
 NOCOMPRESS LOGGING
  TABLESPACE "SYSTEM" ;
--------------------------------------------------------
--  DDL for Table TIPODIRECCION
--------------------------------------------------------

  CREATE TABLE "USQL"."TIPODIRECCION" 
   (	"IDTIPODIRECCION" CHAR(18 BYTE), 
	"TIPODIRECCION" VARCHAR2(20 BYTE)
   ) SEGMENT CREATION IMMEDIATE 
  PCTFREE 10 PCTUSED 40 INITRANS 1 MAXTRANS 255 
 NOCOMPRESS LOGGING
  STORAGE(INITIAL 65536 NEXT 1048576 MINEXTENTS 1 MAXEXTENTS 2147483645
  PCTINCREASE 0 FREELISTS 1 FREELIST GROUPS 1
  BUFFER_POOL DEFAULT FLASH_CACHE DEFAULT CELL_FLASH_CACHE DEFAULT)
  TABLESPACE "SYSTEM" ;
--------------------------------------------------------
--  DDL for Table TIPOPRODUCTO
--------------------------------------------------------

  CREATE TABLE "USQL"."TIPOPRODUCTO" 
   (	"IDTIPOPRODUCTO" NUMBER(*,0), 
	"NOMBRETIPOPRODUCTO" VARCHAR2(20 BYTE), 
	"DESCRIPCIONTIPOPRODUCTO" VARCHAR2(20 BYTE)
   ) SEGMENT CREATION IMMEDIATE 
  PCTFREE 10 PCTUSED 40 INITRANS 1 MAXTRANS 255 
 NOCOMPRESS LOGGING
  STORAGE(INITIAL 65536 NEXT 1048576 MINEXTENTS 1 MAXEXTENTS 2147483645
  PCTINCREASE 0 FREELISTS 1 FREELIST GROUPS 1
  BUFFER_POOL DEFAULT FLASH_CACHE DEFAULT CELL_FLASH_CACHE DEFAULT)
  TABLESPACE "SYSTEM" ;
--------------------------------------------------------
--  DDL for Table TIPOTELEFONO
--------------------------------------------------------

  CREATE TABLE "USQL"."TIPOTELEFONO" 
   (	"IDTIPOTELEFONO" NUMBER(*,0), 
	"TIPOTELEFONO" VARCHAR2(20 BYTE)
   ) SEGMENT CREATION IMMEDIATE 
  PCTFREE 10 PCTUSED 40 INITRANS 1 MAXTRANS 255 
 NOCOMPRESS LOGGING
  STORAGE(INITIAL 65536 NEXT 1048576 MINEXTENTS 1 MAXEXTENTS 2147483645
  PCTINCREASE 0 FREELISTS 1 FREELIST GROUPS 1
  BUFFER_POOL DEFAULT FLASH_CACHE DEFAULT CELL_FLASH_CACHE DEFAULT)
  TABLESPACE "SYSTEM" ;
--------------------------------------------------------
--  DDL for Table USUARIO
--------------------------------------------------------

  CREATE TABLE "USQL"."USUARIO" 
   (	"IDUSUARIO" NUMBER(*,0), 
	"NOMBRE" VARCHAR2(30 BYTE), 
	"APELLIDOS" VARCHAR2(40 BYTE), 
	"CLAVE" VARCHAR2(20 BYTE), 
	"CEDULA" VARCHAR2(20 BYTE), 
	"IDROL" NUMBER(*,0)
   ) SEGMENT CREATION IMMEDIATE 
  PCTFREE 10 PCTUSED 40 INITRANS 1 MAXTRANS 255 
 NOCOMPRESS LOGGING
  STORAGE(INITIAL 65536 NEXT 1048576 MINEXTENTS 1 MAXEXTENTS 2147483645
  PCTINCREASE 0 FREELISTS 1 FREELIST GROUPS 1
  BUFFER_POOL DEFAULT FLASH_CACHE DEFAULT CELL_FLASH_CACHE DEFAULT)
  TABLESPACE "SYSTEM" ;
--------------------------------------------------------
--  DDL for View CANTIDADESMINIMAS
--------------------------------------------------------

  CREATE OR REPLACE FORCE EDITIONABLE VIEW "USQL"."CANTIDADESMINIMAS" ("IDPRODUCTO", "DESCRIPCIONPRODUCTO", "CANTIDADSTOCK", "CANTIDADMINIMA", "COMPRA RECOMENDADA") AS 
  SELECT IDPRODUCTO, DESCRIPCIONPRODUCTO,CANTIDADSTOCK, CANTIDADMINIMA, (CANTIDADMINIMA-CANTIDADSTOCK)AS "COMPRA RECOMENDADA"
FROM PRODUCTO WHERE CANTIDADSTOCK<CANTIDADMINIMA
;
--------------------------------------------------------
--  DDL for View PRODUCTOSXVENCER
--------------------------------------------------------

  CREATE OR REPLACE FORCE EDITIONABLE VIEW "USQL"."PRODUCTOSXVENCER" ("IDPRODUCTO", "DESCRIPCIONPRODUCTO", "FECHAVENCIMIENTO", "DIAS") AS 
  SELECT IDPRODUCTO, DESCRIPCIONPRODUCTO, FECHAVENCIMIENTO, (TRUNC(FECHAVENCIMIENTO-TRUNC(SYSDATE))) AS DIAS
FROM PRODUCTO WHERE (TRUNC(FECHAVENCIMIENTO-TRUNC(SYSDATE)))<=5 AND CANTIDADSTOCK>0
;
--------------------------------------------------------
--  DDL for View REPORTEGENERAL
--------------------------------------------------------

  CREATE OR REPLACE FORCE EDITIONABLE VIEW "USQL"."REPORTEGENERAL" ("IDPRODUCTO", "DESCRIPCIONPRODUCTO", "CANTIDADSTOCK") AS 
  SELECT IDPRODUCTO, DESCRIPCIONPRODUCTO, CANTIDADSTOCK 
FROM PRODUCTO
WHERE CANTIDADSTOCK>0
;
REM INSERTING into USQL.CANTON
SET DEFINE OFF;
Insert into USQL.CANTON (IDCANTON,DESCRIPCIONCANTON,IDPROVINCIA) values (101,'San José',1);
Insert into USQL.CANTON (IDCANTON,DESCRIPCIONCANTON,IDPROVINCIA) values (102,'Escazú',1);
Insert into USQL.CANTON (IDCANTON,DESCRIPCIONCANTON,IDPROVINCIA) values (103,'Desamparados',1);
Insert into USQL.CANTON (IDCANTON,DESCRIPCIONCANTON,IDPROVINCIA) values (104,'Puriscal',1);
Insert into USQL.CANTON (IDCANTON,DESCRIPCIONCANTON,IDPROVINCIA) values (105,'Tarrazú',1);
Insert into USQL.CANTON (IDCANTON,DESCRIPCIONCANTON,IDPROVINCIA) values (106,'Aserrí',1);
Insert into USQL.CANTON (IDCANTON,DESCRIPCIONCANTON,IDPROVINCIA) values (107,'Mora',1);
Insert into USQL.CANTON (IDCANTON,DESCRIPCIONCANTON,IDPROVINCIA) values (108,'Goicoechea',1);
Insert into USQL.CANTON (IDCANTON,DESCRIPCIONCANTON,IDPROVINCIA) values (109,'Santa Ana',1);
Insert into USQL.CANTON (IDCANTON,DESCRIPCIONCANTON,IDPROVINCIA) values (110,'Alajuelita',1);
Insert into USQL.CANTON (IDCANTON,DESCRIPCIONCANTON,IDPROVINCIA) values (111,'Vasquez de Coronado',1);
Insert into USQL.CANTON (IDCANTON,DESCRIPCIONCANTON,IDPROVINCIA) values (112,'Acosta',1);
Insert into USQL.CANTON (IDCANTON,DESCRIPCIONCANTON,IDPROVINCIA) values (113,'Tibás',1);
Insert into USQL.CANTON (IDCANTON,DESCRIPCIONCANTON,IDPROVINCIA) values (114,'Moravia',1);
Insert into USQL.CANTON (IDCANTON,DESCRIPCIONCANTON,IDPROVINCIA) values (115,'Montes de Oca',1);
Insert into USQL.CANTON (IDCANTON,DESCRIPCIONCANTON,IDPROVINCIA) values (116,'Turrubares',1);
Insert into USQL.CANTON (IDCANTON,DESCRIPCIONCANTON,IDPROVINCIA) values (117,'Dota',1);
Insert into USQL.CANTON (IDCANTON,DESCRIPCIONCANTON,IDPROVINCIA) values (118,'Curridabat',1);
Insert into USQL.CANTON (IDCANTON,DESCRIPCIONCANTON,IDPROVINCIA) values (119,'Pérez Zeledón',1);
Insert into USQL.CANTON (IDCANTON,DESCRIPCIONCANTON,IDPROVINCIA) values (120,'León Cortés',1);
Insert into USQL.CANTON (IDCANTON,DESCRIPCIONCANTON,IDPROVINCIA) values (201,'Alajuela',2);
Insert into USQL.CANTON (IDCANTON,DESCRIPCIONCANTON,IDPROVINCIA) values (202,'San Ramón',2);
Insert into USQL.CANTON (IDCANTON,DESCRIPCIONCANTON,IDPROVINCIA) values (203,'Grecia',2);
Insert into USQL.CANTON (IDCANTON,DESCRIPCIONCANTON,IDPROVINCIA) values (204,'San Mateo',2);
Insert into USQL.CANTON (IDCANTON,DESCRIPCIONCANTON,IDPROVINCIA) values (205,'Atenas',2);
Insert into USQL.CANTON (IDCANTON,DESCRIPCIONCANTON,IDPROVINCIA) values (206,'Naranjo',2);
Insert into USQL.CANTON (IDCANTON,DESCRIPCIONCANTON,IDPROVINCIA) values (207,'Palmares',2);
Insert into USQL.CANTON (IDCANTON,DESCRIPCIONCANTON,IDPROVINCIA) values (208,'Poás',2);
Insert into USQL.CANTON (IDCANTON,DESCRIPCIONCANTON,IDPROVINCIA) values (209,'Orotina',2);
Insert into USQL.CANTON (IDCANTON,DESCRIPCIONCANTON,IDPROVINCIA) values (210,'San Carlos',2);
Insert into USQL.CANTON (IDCANTON,DESCRIPCIONCANTON,IDPROVINCIA) values (211,'Alfaro Ruiz',2);
Insert into USQL.CANTON (IDCANTON,DESCRIPCIONCANTON,IDPROVINCIA) values (212,'Valverde Vega',2);
Insert into USQL.CANTON (IDCANTON,DESCRIPCIONCANTON,IDPROVINCIA) values (213,'Upala',2);
Insert into USQL.CANTON (IDCANTON,DESCRIPCIONCANTON,IDPROVINCIA) values (214,'Los Chiles',2);
Insert into USQL.CANTON (IDCANTON,DESCRIPCIONCANTON,IDPROVINCIA) values (215,'Guatuso',2);
Insert into USQL.CANTON (IDCANTON,DESCRIPCIONCANTON,IDPROVINCIA) values (301,'Cartago',3);
Insert into USQL.CANTON (IDCANTON,DESCRIPCIONCANTON,IDPROVINCIA) values (302,'Paraíso',3);
Insert into USQL.CANTON (IDCANTON,DESCRIPCIONCANTON,IDPROVINCIA) values (303,'La Unión',3);
Insert into USQL.CANTON (IDCANTON,DESCRIPCIONCANTON,IDPROVINCIA) values (304,'Jiménez',3);
Insert into USQL.CANTON (IDCANTON,DESCRIPCIONCANTON,IDPROVINCIA) values (305,'Turrialba',3);
Insert into USQL.CANTON (IDCANTON,DESCRIPCIONCANTON,IDPROVINCIA) values (306,'Alvarado',3);
Insert into USQL.CANTON (IDCANTON,DESCRIPCIONCANTON,IDPROVINCIA) values (307,'Oreamuno',3);
Insert into USQL.CANTON (IDCANTON,DESCRIPCIONCANTON,IDPROVINCIA) values (308,'El Guarco',3);
Insert into USQL.CANTON (IDCANTON,DESCRIPCIONCANTON,IDPROVINCIA) values (401,'Heredia',4);
Insert into USQL.CANTON (IDCANTON,DESCRIPCIONCANTON,IDPROVINCIA) values (402,'Barva',4);
Insert into USQL.CANTON (IDCANTON,DESCRIPCIONCANTON,IDPROVINCIA) values (403,'Santo Domingo',4);
Insert into USQL.CANTON (IDCANTON,DESCRIPCIONCANTON,IDPROVINCIA) values (404,'Santa Bárbara',4);
Insert into USQL.CANTON (IDCANTON,DESCRIPCIONCANTON,IDPROVINCIA) values (405,'San Rafael',4);
Insert into USQL.CANTON (IDCANTON,DESCRIPCIONCANTON,IDPROVINCIA) values (406,'San Isidro',4);
Insert into USQL.CANTON (IDCANTON,DESCRIPCIONCANTON,IDPROVINCIA) values (407,'Belén',4);
Insert into USQL.CANTON (IDCANTON,DESCRIPCIONCANTON,IDPROVINCIA) values (408,'Flores',4);
Insert into USQL.CANTON (IDCANTON,DESCRIPCIONCANTON,IDPROVINCIA) values (409,'San Pablo',4);
Insert into USQL.CANTON (IDCANTON,DESCRIPCIONCANTON,IDPROVINCIA) values (410,'Sarapiquí ',4);
Insert into USQL.CANTON (IDCANTON,DESCRIPCIONCANTON,IDPROVINCIA) values (501,'Liberia',5);
Insert into USQL.CANTON (IDCANTON,DESCRIPCIONCANTON,IDPROVINCIA) values (502,'Nicoya',5);
Insert into USQL.CANTON (IDCANTON,DESCRIPCIONCANTON,IDPROVINCIA) values (503,'Santa Cruz',5);
Insert into USQL.CANTON (IDCANTON,DESCRIPCIONCANTON,IDPROVINCIA) values (504,'Bagaces',5);
Insert into USQL.CANTON (IDCANTON,DESCRIPCIONCANTON,IDPROVINCIA) values (507,'Abangares',5);
Insert into USQL.CANTON (IDCANTON,DESCRIPCIONCANTON,IDPROVINCIA) values (508,'Tilarán',5);
Insert into USQL.CANTON (IDCANTON,DESCRIPCIONCANTON,IDPROVINCIA) values (509,'Nandayure',5);
Insert into USQL.CANTON (IDCANTON,DESCRIPCIONCANTON,IDPROVINCIA) values (510,'La Cruz',5);
Insert into USQL.CANTON (IDCANTON,DESCRIPCIONCANTON,IDPROVINCIA) values (511,'Hojancha',5);
Insert into USQL.CANTON (IDCANTON,DESCRIPCIONCANTON,IDPROVINCIA) values (601,'Puntarenas',6);
Insert into USQL.CANTON (IDCANTON,DESCRIPCIONCANTON,IDPROVINCIA) values (602,'Esparza',6);
Insert into USQL.CANTON (IDCANTON,DESCRIPCIONCANTON,IDPROVINCIA) values (603,'Buenos Aires',6);
Insert into USQL.CANTON (IDCANTON,DESCRIPCIONCANTON,IDPROVINCIA) values (604,'Montes de Oro',6);
Insert into USQL.CANTON (IDCANTON,DESCRIPCIONCANTON,IDPROVINCIA) values (605,'Osa',6);
Insert into USQL.CANTON (IDCANTON,DESCRIPCIONCANTON,IDPROVINCIA) values (606,'Aguirre',6);
Insert into USQL.CANTON (IDCANTON,DESCRIPCIONCANTON,IDPROVINCIA) values (607,'Golfito',6);
Insert into USQL.CANTON (IDCANTON,DESCRIPCIONCANTON,IDPROVINCIA) values (608,'Coto Brus',6);
Insert into USQL.CANTON (IDCANTON,DESCRIPCIONCANTON,IDPROVINCIA) values (609,'Parrita',6);
Insert into USQL.CANTON (IDCANTON,DESCRIPCIONCANTON,IDPROVINCIA) values (610,'Corredores',6);
Insert into USQL.CANTON (IDCANTON,DESCRIPCIONCANTON,IDPROVINCIA) values (611,'Garabito',6);
Insert into USQL.CANTON (IDCANTON,DESCRIPCIONCANTON,IDPROVINCIA) values (701,'Limón',7);
Insert into USQL.CANTON (IDCANTON,DESCRIPCIONCANTON,IDPROVINCIA) values (702,'Pococí',7);
Insert into USQL.CANTON (IDCANTON,DESCRIPCIONCANTON,IDPROVINCIA) values (703,'Siquirres ',7);
Insert into USQL.CANTON (IDCANTON,DESCRIPCIONCANTON,IDPROVINCIA) values (704,'Talamanca',7);
Insert into USQL.CANTON (IDCANTON,DESCRIPCIONCANTON,IDPROVINCIA) values (705,'Matina',7);
Insert into USQL.CANTON (IDCANTON,DESCRIPCIONCANTON,IDPROVINCIA) values (706,'Guácimo',7);
REM INSERTING into USQL.CORREO
SET DEFINE OFF;
REM INSERTING into USQL.DIRECCION
SET DEFINE OFF;
REM INSERTING into USQL.DISTRITO
SET DEFINE OFF;
Insert into USQL.DISTRITO (IDDISTRITO,DESCRIPCIONDISTRITO,IDCANTON) values (10101,'Carmen',101);
Insert into USQL.DISTRITO (IDDISTRITO,DESCRIPCIONDISTRITO,IDCANTON) values (10102,'Merced',101);
Insert into USQL.DISTRITO (IDDISTRITO,DESCRIPCIONDISTRITO,IDCANTON) values (10103,'Hospital',101);
Insert into USQL.DISTRITO (IDDISTRITO,DESCRIPCIONDISTRITO,IDCANTON) values (10104,'Catedral',101);
Insert into USQL.DISTRITO (IDDISTRITO,DESCRIPCIONDISTRITO,IDCANTON) values (10105,'Zapote',101);
Insert into USQL.DISTRITO (IDDISTRITO,DESCRIPCIONDISTRITO,IDCANTON) values (10107,'Uruca',101);
Insert into USQL.DISTRITO (IDDISTRITO,DESCRIPCIONDISTRITO,IDCANTON) values (10108,'Mata Redonda',101);
Insert into USQL.DISTRITO (IDDISTRITO,DESCRIPCIONDISTRITO,IDCANTON) values (10109,'Pavas',101);
Insert into USQL.DISTRITO (IDDISTRITO,DESCRIPCIONDISTRITO,IDCANTON) values (10110,'Hatillo',101);
Insert into USQL.DISTRITO (IDDISTRITO,DESCRIPCIONDISTRITO,IDCANTON) values (10111,'San Sebastián',101);
Insert into USQL.DISTRITO (IDDISTRITO,DESCRIPCIONDISTRITO,IDCANTON) values (10201,'Escazú',102);
Insert into USQL.DISTRITO (IDDISTRITO,DESCRIPCIONDISTRITO,IDCANTON) values (10202,'San Antonio',102);
Insert into USQL.DISTRITO (IDDISTRITO,DESCRIPCIONDISTRITO,IDCANTON) values (10203,'San Rafael',102);
Insert into USQL.DISTRITO (IDDISTRITO,DESCRIPCIONDISTRITO,IDCANTON) values (10301,'Desamparados',103);
Insert into USQL.DISTRITO (IDDISTRITO,DESCRIPCIONDISTRITO,IDCANTON) values (10302,'San Miguel',103);
Insert into USQL.DISTRITO (IDDISTRITO,DESCRIPCIONDISTRITO,IDCANTON) values (10303,'San Juan de Dios',103);
Insert into USQL.DISTRITO (IDDISTRITO,DESCRIPCIONDISTRITO,IDCANTON) values (10304,'San Rafael Arriba',103);
Insert into USQL.DISTRITO (IDDISTRITO,DESCRIPCIONDISTRITO,IDCANTON) values (10305,'San Antonio',103);
Insert into USQL.DISTRITO (IDDISTRITO,DESCRIPCIONDISTRITO,IDCANTON) values (10306,'Frailes',103);
Insert into USQL.DISTRITO (IDDISTRITO,DESCRIPCIONDISTRITO,IDCANTON) values (10307,'Patarrá',103);
Insert into USQL.DISTRITO (IDDISTRITO,DESCRIPCIONDISTRITO,IDCANTON) values (10308,'San Cristóbal',103);
Insert into USQL.DISTRITO (IDDISTRITO,DESCRIPCIONDISTRITO,IDCANTON) values (10309,'Rosario',103);
Insert into USQL.DISTRITO (IDDISTRITO,DESCRIPCIONDISTRITO,IDCANTON) values (10310,'Damas',103);
Insert into USQL.DISTRITO (IDDISTRITO,DESCRIPCIONDISTRITO,IDCANTON) values (10311,'San Rafael Abajo',103);
Insert into USQL.DISTRITO (IDDISTRITO,DESCRIPCIONDISTRITO,IDCANTON) values (10312,'Gravilias',103);
Insert into USQL.DISTRITO (IDDISTRITO,DESCRIPCIONDISTRITO,IDCANTON) values (10313,'Los Guido',103);
Insert into USQL.DISTRITO (IDDISTRITO,DESCRIPCIONDISTRITO,IDCANTON) values (10401,'Santiago',104);
Insert into USQL.DISTRITO (IDDISTRITO,DESCRIPCIONDISTRITO,IDCANTON) values (10402,'Mercedes Sur',104);
Insert into USQL.DISTRITO (IDDISTRITO,DESCRIPCIONDISTRITO,IDCANTON) values (10403,'Barbacoas',104);
Insert into USQL.DISTRITO (IDDISTRITO,DESCRIPCIONDISTRITO,IDCANTON) values (10404,'Grifo Alto',104);
Insert into USQL.DISTRITO (IDDISTRITO,DESCRIPCIONDISTRITO,IDCANTON) values (10405,'San Rafael',104);
Insert into USQL.DISTRITO (IDDISTRITO,DESCRIPCIONDISTRITO,IDCANTON) values (10406,'Candelaria',104);
Insert into USQL.DISTRITO (IDDISTRITO,DESCRIPCIONDISTRITO,IDCANTON) values (10407,'Desamparaditos',104);
Insert into USQL.DISTRITO (IDDISTRITO,DESCRIPCIONDISTRITO,IDCANTON) values (10408,'San Antonio',104);
Insert into USQL.DISTRITO (IDDISTRITO,DESCRIPCIONDISTRITO,IDCANTON) values (10409,'Chires',104);
Insert into USQL.DISTRITO (IDDISTRITO,DESCRIPCIONDISTRITO,IDCANTON) values (10501,'San Marcos',105);
Insert into USQL.DISTRITO (IDDISTRITO,DESCRIPCIONDISTRITO,IDCANTON) values (10502,'San Lorenzo',105);
Insert into USQL.DISTRITO (IDDISTRITO,DESCRIPCIONDISTRITO,IDCANTON) values (10503,'San Carlos',105);
Insert into USQL.DISTRITO (IDDISTRITO,DESCRIPCIONDISTRITO,IDCANTON) values (10601,'Aserrí',106);
Insert into USQL.DISTRITO (IDDISTRITO,DESCRIPCIONDISTRITO,IDCANTON) values (10602,'Tarbaca o Praga',106);
Insert into USQL.DISTRITO (IDDISTRITO,DESCRIPCIONDISTRITO,IDCANTON) values (10603,'Vuelta de Jorco',106);
Insert into USQL.DISTRITO (IDDISTRITO,DESCRIPCIONDISTRITO,IDCANTON) values (10604,'San Gabriel',106);
Insert into USQL.DISTRITO (IDDISTRITO,DESCRIPCIONDISTRITO,IDCANTON) values (10605,'La Legua',106);
Insert into USQL.DISTRITO (IDDISTRITO,DESCRIPCIONDISTRITO,IDCANTON) values (10606,'Monterrey',106);
Insert into USQL.DISTRITO (IDDISTRITO,DESCRIPCIONDISTRITO,IDCANTON) values (10607,'Salitrillos',106);
Insert into USQL.DISTRITO (IDDISTRITO,DESCRIPCIONDISTRITO,IDCANTON) values (10701,'Colón',107);
Insert into USQL.DISTRITO (IDDISTRITO,DESCRIPCIONDISTRITO,IDCANTON) values (10702,'Guayabo',107);
Insert into USQL.DISTRITO (IDDISTRITO,DESCRIPCIONDISTRITO,IDCANTON) values (10703,'Tabarcia',107);
Insert into USQL.DISTRITO (IDDISTRITO,DESCRIPCIONDISTRITO,IDCANTON) values (10704,'Piedras Negras',107);
Insert into USQL.DISTRITO (IDDISTRITO,DESCRIPCIONDISTRITO,IDCANTON) values (10705,'Picagres',107);
Insert into USQL.DISTRITO (IDDISTRITO,DESCRIPCIONDISTRITO,IDCANTON) values (10801,'Guadalupe',108);
Insert into USQL.DISTRITO (IDDISTRITO,DESCRIPCIONDISTRITO,IDCANTON) values (10802,'San Francisco',108);
Insert into USQL.DISTRITO (IDDISTRITO,DESCRIPCIONDISTRITO,IDCANTON) values (10803,'Calle Blancos',108);
Insert into USQL.DISTRITO (IDDISTRITO,DESCRIPCIONDISTRITO,IDCANTON) values (10804,'Mata de Plátano',108);
Insert into USQL.DISTRITO (IDDISTRITO,DESCRIPCIONDISTRITO,IDCANTON) values (10805,'Ipís',108);
Insert into USQL.DISTRITO (IDDISTRITO,DESCRIPCIONDISTRITO,IDCANTON) values (10806,'Rancho Redondo',108);
Insert into USQL.DISTRITO (IDDISTRITO,DESCRIPCIONDISTRITO,IDCANTON) values (10807,'Purral',108);
Insert into USQL.DISTRITO (IDDISTRITO,DESCRIPCIONDISTRITO,IDCANTON) values (10901,'Santa Ana',109);
Insert into USQL.DISTRITO (IDDISTRITO,DESCRIPCIONDISTRITO,IDCANTON) values (10902,'Salitral',109);
Insert into USQL.DISTRITO (IDDISTRITO,DESCRIPCIONDISTRITO,IDCANTON) values (10903,'Pozos o Concepción',109);
Insert into USQL.DISTRITO (IDDISTRITO,DESCRIPCIONDISTRITO,IDCANTON) values (10904,'Uruca o San Joaquín',109);
Insert into USQL.DISTRITO (IDDISTRITO,DESCRIPCIONDISTRITO,IDCANTON) values (10905,'Piedades',109);
Insert into USQL.DISTRITO (IDDISTRITO,DESCRIPCIONDISTRITO,IDCANTON) values (10906,'Brasil',109);
Insert into USQL.DISTRITO (IDDISTRITO,DESCRIPCIONDISTRITO,IDCANTON) values (11001,'Alajuelita',110);
Insert into USQL.DISTRITO (IDDISTRITO,DESCRIPCIONDISTRITO,IDCANTON) values (11002,'San Josecito',110);
Insert into USQL.DISTRITO (IDDISTRITO,DESCRIPCIONDISTRITO,IDCANTON) values (11003,'San Antonio',110);
Insert into USQL.DISTRITO (IDDISTRITO,DESCRIPCIONDISTRITO,IDCANTON) values (11004,'Concepción',110);
Insert into USQL.DISTRITO (IDDISTRITO,DESCRIPCIONDISTRITO,IDCANTON) values (11005,'San Felipe',110);
Insert into USQL.DISTRITO (IDDISTRITO,DESCRIPCIONDISTRITO,IDCANTON) values (11101,'San Isidro',111);
Insert into USQL.DISTRITO (IDDISTRITO,DESCRIPCIONDISTRITO,IDCANTON) values (11102,'San Rafael',111);
Insert into USQL.DISTRITO (IDDISTRITO,DESCRIPCIONDISTRITO,IDCANTON) values (11104,'Patalillo',111);
Insert into USQL.DISTRITO (IDDISTRITO,DESCRIPCIONDISTRITO,IDCANTON) values (11105,'Cascajal',111);
Insert into USQL.DISTRITO (IDDISTRITO,DESCRIPCIONDISTRITO,IDCANTON) values (11201,'San Ignacio',112);
Insert into USQL.DISTRITO (IDDISTRITO,DESCRIPCIONDISTRITO,IDCANTON) values (11202,'Guaitil',112);
Insert into USQL.DISTRITO (IDDISTRITO,DESCRIPCIONDISTRITO,IDCANTON) values (11203,'Palmichal',112);
Insert into USQL.DISTRITO (IDDISTRITO,DESCRIPCIONDISTRITO,IDCANTON) values (11204,'Cangrejal',112);
Insert into USQL.DISTRITO (IDDISTRITO,DESCRIPCIONDISTRITO,IDCANTON) values (11205,'Sabanillas',112);
Insert into USQL.DISTRITO (IDDISTRITO,DESCRIPCIONDISTRITO,IDCANTON) values (11301,'San Juan',113);
Insert into USQL.DISTRITO (IDDISTRITO,DESCRIPCIONDISTRITO,IDCANTON) values (11302,'Cinco Esquinas',113);
Insert into USQL.DISTRITO (IDDISTRITO,DESCRIPCIONDISTRITO,IDCANTON) values (11303,'Anselmo Llorente',113);
Insert into USQL.DISTRITO (IDDISTRITO,DESCRIPCIONDISTRITO,IDCANTON) values (11304,'León XIII',113);
Insert into USQL.DISTRITO (IDDISTRITO,DESCRIPCIONDISTRITO,IDCANTON) values (11305,'Colima',113);
Insert into USQL.DISTRITO (IDDISTRITO,DESCRIPCIONDISTRITO,IDCANTON) values (11401,'San Vicente',114);
Insert into USQL.DISTRITO (IDDISTRITO,DESCRIPCIONDISTRITO,IDCANTON) values (11402,'San Jerónimo',114);
Insert into USQL.DISTRITO (IDDISTRITO,DESCRIPCIONDISTRITO,IDCANTON) values (11403,'Trinidad',114);
Insert into USQL.DISTRITO (IDDISTRITO,DESCRIPCIONDISTRITO,IDCANTON) values (11501,'San Pedro',115);
Insert into USQL.DISTRITO (IDDISTRITO,DESCRIPCIONDISTRITO,IDCANTON) values (11502,'Sabanilla',115);
Insert into USQL.DISTRITO (IDDISTRITO,DESCRIPCIONDISTRITO,IDCANTON) values (11503,'Mercedes o Betania',115);
Insert into USQL.DISTRITO (IDDISTRITO,DESCRIPCIONDISTRITO,IDCANTON) values (11504,'San Rafael',115);
Insert into USQL.DISTRITO (IDDISTRITO,DESCRIPCIONDISTRITO,IDCANTON) values (11601,'San Pablo',116);
Insert into USQL.DISTRITO (IDDISTRITO,DESCRIPCIONDISTRITO,IDCANTON) values (11602,'San Pedro',116);
Insert into USQL.DISTRITO (IDDISTRITO,DESCRIPCIONDISTRITO,IDCANTON) values (11603,'San Juan de Mata',116);
Insert into USQL.DISTRITO (IDDISTRITO,DESCRIPCIONDISTRITO,IDCANTON) values (11604,'San Luis',116);
Insert into USQL.DISTRITO (IDDISTRITO,DESCRIPCIONDISTRITO,IDCANTON) values (11605,'Cárara',116);
Insert into USQL.DISTRITO (IDDISTRITO,DESCRIPCIONDISTRITO,IDCANTON) values (11701,'Santa María',117);
Insert into USQL.DISTRITO (IDDISTRITO,DESCRIPCIONDISTRITO,IDCANTON) values (11702,'Jardín',117);
Insert into USQL.DISTRITO (IDDISTRITO,DESCRIPCIONDISTRITO,IDCANTON) values (11703,'Copey',117);
Insert into USQL.DISTRITO (IDDISTRITO,DESCRIPCIONDISTRITO,IDCANTON) values (11801,'Curridabat',118);
Insert into USQL.DISTRITO (IDDISTRITO,DESCRIPCIONDISTRITO,IDCANTON) values (11802,'Granadilla',118);
Insert into USQL.DISTRITO (IDDISTRITO,DESCRIPCIONDISTRITO,IDCANTON) values (11803,'Sánchez',118);
Insert into USQL.DISTRITO (IDDISTRITO,DESCRIPCIONDISTRITO,IDCANTON) values (11804,'Tirrases',118);
Insert into USQL.DISTRITO (IDDISTRITO,DESCRIPCIONDISTRITO,IDCANTON) values (11902,'General',119);
Insert into USQL.DISTRITO (IDDISTRITO,DESCRIPCIONDISTRITO,IDCANTON) values (11903,'Daniel Flores',119);
Insert into USQL.DISTRITO (IDDISTRITO,DESCRIPCIONDISTRITO,IDCANTON) values (11904,'Rivas',119);
Insert into USQL.DISTRITO (IDDISTRITO,DESCRIPCIONDISTRITO,IDCANTON) values (11905,'San Pedro',119);
Insert into USQL.DISTRITO (IDDISTRITO,DESCRIPCIONDISTRITO,IDCANTON) values (11906,'Platanares',119);
Insert into USQL.DISTRITO (IDDISTRITO,DESCRIPCIONDISTRITO,IDCANTON) values (11907,'Pejibaye',119);
Insert into USQL.DISTRITO (IDDISTRITO,DESCRIPCIONDISTRITO,IDCANTON) values (11908,'Cajón',119);
Insert into USQL.DISTRITO (IDDISTRITO,DESCRIPCIONDISTRITO,IDCANTON) values (11909,'Barú',119);
Insert into USQL.DISTRITO (IDDISTRITO,DESCRIPCIONDISTRITO,IDCANTON) values (11910,'Río Nuevo',119);
Insert into USQL.DISTRITO (IDDISTRITO,DESCRIPCIONDISTRITO,IDCANTON) values (11911,'Páramo',119);
Insert into USQL.DISTRITO (IDDISTRITO,DESCRIPCIONDISTRITO,IDCANTON) values (12001,'San Pablo',120);
Insert into USQL.DISTRITO (IDDISTRITO,DESCRIPCIONDISTRITO,IDCANTON) values (12002,'San Andrés',120);
Insert into USQL.DISTRITO (IDDISTRITO,DESCRIPCIONDISTRITO,IDCANTON) values (12003,'Llano Bonito',120);
Insert into USQL.DISTRITO (IDDISTRITO,DESCRIPCIONDISTRITO,IDCANTON) values (12004,'San Isidro',120);
Insert into USQL.DISTRITO (IDDISTRITO,DESCRIPCIONDISTRITO,IDCANTON) values (12005,'Santa Cruz',120);
Insert into USQL.DISTRITO (IDDISTRITO,DESCRIPCIONDISTRITO,IDCANTON) values (12006,'San Antonio',120);
Insert into USQL.DISTRITO (IDDISTRITO,DESCRIPCIONDISTRITO,IDCANTON) values (20101,'Alajuela',201);
Insert into USQL.DISTRITO (IDDISTRITO,DESCRIPCIONDISTRITO,IDCANTON) values (20102,'San José',201);
Insert into USQL.DISTRITO (IDDISTRITO,DESCRIPCIONDISTRITO,IDCANTON) values (20103,'Carrizal',201);
Insert into USQL.DISTRITO (IDDISTRITO,DESCRIPCIONDISTRITO,IDCANTON) values (20104,'San Antonio',201);
Insert into USQL.DISTRITO (IDDISTRITO,DESCRIPCIONDISTRITO,IDCANTON) values (20105,'Guácima',201);
Insert into USQL.DISTRITO (IDDISTRITO,DESCRIPCIONDISTRITO,IDCANTON) values (20106,'San Isidro',201);
Insert into USQL.DISTRITO (IDDISTRITO,DESCRIPCIONDISTRITO,IDCANTON) values (20107,'Sabanilla',201);
Insert into USQL.DISTRITO (IDDISTRITO,DESCRIPCIONDISTRITO,IDCANTON) values (20108,'San Rafael',201);
Insert into USQL.DISTRITO (IDDISTRITO,DESCRIPCIONDISTRITO,IDCANTON) values (20109,'Río Segundo',201);
Insert into USQL.DISTRITO (IDDISTRITO,DESCRIPCIONDISTRITO,IDCANTON) values (20110,'Desamparados',201);
Insert into USQL.DISTRITO (IDDISTRITO,DESCRIPCIONDISTRITO,IDCANTON) values (20111,'Turrucares',201);
Insert into USQL.DISTRITO (IDDISTRITO,DESCRIPCIONDISTRITO,IDCANTON) values (20112,'Tambor',201);
Insert into USQL.DISTRITO (IDDISTRITO,DESCRIPCIONDISTRITO,IDCANTON) values (20113,'La Garita',201);
Insert into USQL.DISTRITO (IDDISTRITO,DESCRIPCIONDISTRITO,IDCANTON) values (20114,'Sarapiquí',201);
Insert into USQL.DISTRITO (IDDISTRITO,DESCRIPCIONDISTRITO,IDCANTON) values (20201,'San Ramón',202);
Insert into USQL.DISTRITO (IDDISTRITO,DESCRIPCIONDISTRITO,IDCANTON) values (20202,'Santiago',202);
Insert into USQL.DISTRITO (IDDISTRITO,DESCRIPCIONDISTRITO,IDCANTON) values (20203,'San Juan',202);
Insert into USQL.DISTRITO (IDDISTRITO,DESCRIPCIONDISTRITO,IDCANTON) values (20204,'Piedades Norte',202);
Insert into USQL.DISTRITO (IDDISTRITO,DESCRIPCIONDISTRITO,IDCANTON) values (20205,'Piedades Sur',202);
Insert into USQL.DISTRITO (IDDISTRITO,DESCRIPCIONDISTRITO,IDCANTON) values (20206,'San Rafael',202);
Insert into USQL.DISTRITO (IDDISTRITO,DESCRIPCIONDISTRITO,IDCANTON) values (20207,'San Isidro',202);
Insert into USQL.DISTRITO (IDDISTRITO,DESCRIPCIONDISTRITO,IDCANTON) values (20208,'Angeles',202);
Insert into USQL.DISTRITO (IDDISTRITO,DESCRIPCIONDISTRITO,IDCANTON) values (20209,'Alfaro',202);
Insert into USQL.DISTRITO (IDDISTRITO,DESCRIPCIONDISTRITO,IDCANTON) values (20210,'Volio',202);
Insert into USQL.DISTRITO (IDDISTRITO,DESCRIPCIONDISTRITO,IDCANTON) values (20211,'Concepción',202);
Insert into USQL.DISTRITO (IDDISTRITO,DESCRIPCIONDISTRITO,IDCANTON) values (20212,'Zapotal',202);
Insert into USQL.DISTRITO (IDDISTRITO,DESCRIPCIONDISTRITO,IDCANTON) values (20301,'Grecia',203);
Insert into USQL.DISTRITO (IDDISTRITO,DESCRIPCIONDISTRITO,IDCANTON) values (20302,'San Isidro',203);
Insert into USQL.DISTRITO (IDDISTRITO,DESCRIPCIONDISTRITO,IDCANTON) values (20303,'San José',203);
Insert into USQL.DISTRITO (IDDISTRITO,DESCRIPCIONDISTRITO,IDCANTON) values (20304,'San Roque',203);
Insert into USQL.DISTRITO (IDDISTRITO,DESCRIPCIONDISTRITO,IDCANTON) values (20305,'Tacares',203);
Insert into USQL.DISTRITO (IDDISTRITO,DESCRIPCIONDISTRITO,IDCANTON) values (20306,'Río Cuarto',203);
Insert into USQL.DISTRITO (IDDISTRITO,DESCRIPCIONDISTRITO,IDCANTON) values (20307,'Puente Piedra',203);
Insert into USQL.DISTRITO (IDDISTRITO,DESCRIPCIONDISTRITO,IDCANTON) values (20308,'Bolívar',203);
Insert into USQL.DISTRITO (IDDISTRITO,DESCRIPCIONDISTRITO,IDCANTON) values (20401,'San Mateo',204);
Insert into USQL.DISTRITO (IDDISTRITO,DESCRIPCIONDISTRITO,IDCANTON) values (20402,'Desmonte',204);
Insert into USQL.DISTRITO (IDDISTRITO,DESCRIPCIONDISTRITO,IDCANTON) values (20403,'Jesús María',204);
Insert into USQL.DISTRITO (IDDISTRITO,DESCRIPCIONDISTRITO,IDCANTON) values (20501,'Atenas',205);
Insert into USQL.DISTRITO (IDDISTRITO,DESCRIPCIONDISTRITO,IDCANTON) values (20502,'Jesús',205);
Insert into USQL.DISTRITO (IDDISTRITO,DESCRIPCIONDISTRITO,IDCANTON) values (20503,'Mercedes',205);
Insert into USQL.DISTRITO (IDDISTRITO,DESCRIPCIONDISTRITO,IDCANTON) values (20504,'San Isidro',205);
Insert into USQL.DISTRITO (IDDISTRITO,DESCRIPCIONDISTRITO,IDCANTON) values (20505,'Concepción',205);
Insert into USQL.DISTRITO (IDDISTRITO,DESCRIPCIONDISTRITO,IDCANTON) values (20506,'San José',205);
Insert into USQL.DISTRITO (IDDISTRITO,DESCRIPCIONDISTRITO,IDCANTON) values (20507,'Santa Eulalia',205);
Insert into USQL.DISTRITO (IDDISTRITO,DESCRIPCIONDISTRITO,IDCANTON) values (20508,'Escobal',205);
Insert into USQL.DISTRITO (IDDISTRITO,DESCRIPCIONDISTRITO,IDCANTON) values (20601,'Naranjo',206);
Insert into USQL.DISTRITO (IDDISTRITO,DESCRIPCIONDISTRITO,IDCANTON) values (20602,'San Miguel',206);
Insert into USQL.DISTRITO (IDDISTRITO,DESCRIPCIONDISTRITO,IDCANTON) values (20603,'San José',206);
Insert into USQL.DISTRITO (IDDISTRITO,DESCRIPCIONDISTRITO,IDCANTON) values (20604,'Cirrí Sur',206);
Insert into USQL.DISTRITO (IDDISTRITO,DESCRIPCIONDISTRITO,IDCANTON) values (20605,'San Jerónimo',206);
Insert into USQL.DISTRITO (IDDISTRITO,DESCRIPCIONDISTRITO,IDCANTON) values (20606,'San Juan',206);
Insert into USQL.DISTRITO (IDDISTRITO,DESCRIPCIONDISTRITO,IDCANTON) values (20607,'Rosario',206);
Insert into USQL.DISTRITO (IDDISTRITO,DESCRIPCIONDISTRITO,IDCANTON) values (20701,'Palmares',207);
Insert into USQL.DISTRITO (IDDISTRITO,DESCRIPCIONDISTRITO,IDCANTON) values (20702,'Zaragoza',207);
Insert into USQL.DISTRITO (IDDISTRITO,DESCRIPCIONDISTRITO,IDCANTON) values (20703,'Buenos Aires',207);
Insert into USQL.DISTRITO (IDDISTRITO,DESCRIPCIONDISTRITO,IDCANTON) values (20704,'Santiago',207);
Insert into USQL.DISTRITO (IDDISTRITO,DESCRIPCIONDISTRITO,IDCANTON) values (20705,'Candelaria',207);
Insert into USQL.DISTRITO (IDDISTRITO,DESCRIPCIONDISTRITO,IDCANTON) values (20706,'Esquipulas',207);
Insert into USQL.DISTRITO (IDDISTRITO,DESCRIPCIONDISTRITO,IDCANTON) values (20707,'La Granja',207);
Insert into USQL.DISTRITO (IDDISTRITO,DESCRIPCIONDISTRITO,IDCANTON) values (20801,'San Pedro',208);
Insert into USQL.DISTRITO (IDDISTRITO,DESCRIPCIONDISTRITO,IDCANTON) values (20802,'San Juan',208);
Insert into USQL.DISTRITO (IDDISTRITO,DESCRIPCIONDISTRITO,IDCANTON) values (20803,'San Rafael',208);
Insert into USQL.DISTRITO (IDDISTRITO,DESCRIPCIONDISTRITO,IDCANTON) values (20804,'Carrillos',208);
Insert into USQL.DISTRITO (IDDISTRITO,DESCRIPCIONDISTRITO,IDCANTON) values (20805,'Sabana Redonda',208);
Insert into USQL.DISTRITO (IDDISTRITO,DESCRIPCIONDISTRITO,IDCANTON) values (20901,'Orotina',209);
Insert into USQL.DISTRITO (IDDISTRITO,DESCRIPCIONDISTRITO,IDCANTON) values (20902,'Mastate',209);
Insert into USQL.DISTRITO (IDDISTRITO,DESCRIPCIONDISTRITO,IDCANTON) values (20903,'Hacienda Vieja',209);
Insert into USQL.DISTRITO (IDDISTRITO,DESCRIPCIONDISTRITO,IDCANTON) values (20904,'Coyolar',209);
Insert into USQL.DISTRITO (IDDISTRITO,DESCRIPCIONDISTRITO,IDCANTON) values (20905,'Ceiba',209);
Insert into USQL.DISTRITO (IDDISTRITO,DESCRIPCIONDISTRITO,IDCANTON) values (21001,'Quesada',210);
Insert into USQL.DISTRITO (IDDISTRITO,DESCRIPCIONDISTRITO,IDCANTON) values (21002,'Florencia',210);
Insert into USQL.DISTRITO (IDDISTRITO,DESCRIPCIONDISTRITO,IDCANTON) values (21003,'Buenavista',210);
Insert into USQL.DISTRITO (IDDISTRITO,DESCRIPCIONDISTRITO,IDCANTON) values (21004,'Aguas Zarcas',210);
Insert into USQL.DISTRITO (IDDISTRITO,DESCRIPCIONDISTRITO,IDCANTON) values (21005,'Venecia',210);
Insert into USQL.DISTRITO (IDDISTRITO,DESCRIPCIONDISTRITO,IDCANTON) values (21006,'Pital',210);
Insert into USQL.DISTRITO (IDDISTRITO,DESCRIPCIONDISTRITO,IDCANTON) values (21007,'Fortuna',210);
Insert into USQL.DISTRITO (IDDISTRITO,DESCRIPCIONDISTRITO,IDCANTON) values (21008,'Tigra',210);
Insert into USQL.DISTRITO (IDDISTRITO,DESCRIPCIONDISTRITO,IDCANTON) values (21009,'Palmera',210);
Insert into USQL.DISTRITO (IDDISTRITO,DESCRIPCIONDISTRITO,IDCANTON) values (21010,'Venado',210);
Insert into USQL.DISTRITO (IDDISTRITO,DESCRIPCIONDISTRITO,IDCANTON) values (21011,'Cutris',210);
Insert into USQL.DISTRITO (IDDISTRITO,DESCRIPCIONDISTRITO,IDCANTON) values (21012,'Monterrey',210);
Insert into USQL.DISTRITO (IDDISTRITO,DESCRIPCIONDISTRITO,IDCANTON) values (21013,'Pocosol',210);
Insert into USQL.DISTRITO (IDDISTRITO,DESCRIPCIONDISTRITO,IDCANTON) values (21101,'Zarcero',211);
Insert into USQL.DISTRITO (IDDISTRITO,DESCRIPCIONDISTRITO,IDCANTON) values (21102,'Laguna',211);
Insert into USQL.DISTRITO (IDDISTRITO,DESCRIPCIONDISTRITO,IDCANTON) values (21103,'Tapezco',211);
Insert into USQL.DISTRITO (IDDISTRITO,DESCRIPCIONDISTRITO,IDCANTON) values (21104,'Guadalupe',211);
Insert into USQL.DISTRITO (IDDISTRITO,DESCRIPCIONDISTRITO,IDCANTON) values (21105,'Palmira',211);
Insert into USQL.DISTRITO (IDDISTRITO,DESCRIPCIONDISTRITO,IDCANTON) values (21106,'Zapote',211);
Insert into USQL.DISTRITO (IDDISTRITO,DESCRIPCIONDISTRITO,IDCANTON) values (21107,'Las Brisas',211);
Insert into USQL.DISTRITO (IDDISTRITO,DESCRIPCIONDISTRITO,IDCANTON) values (21201,'Sarchí Norte',212);
Insert into USQL.DISTRITO (IDDISTRITO,DESCRIPCIONDISTRITO,IDCANTON) values (21202,'Sarchí Sur',212);
Insert into USQL.DISTRITO (IDDISTRITO,DESCRIPCIONDISTRITO,IDCANTON) values (21203,'Toro Amarillo',212);
Insert into USQL.DISTRITO (IDDISTRITO,DESCRIPCIONDISTRITO,IDCANTON) values (21204,'San Pedro',212);
Insert into USQL.DISTRITO (IDDISTRITO,DESCRIPCIONDISTRITO,IDCANTON) values (21205,'Rodríguez',212);
Insert into USQL.DISTRITO (IDDISTRITO,DESCRIPCIONDISTRITO,IDCANTON) values (21301,'Upala',213);
Insert into USQL.DISTRITO (IDDISTRITO,DESCRIPCIONDISTRITO,IDCANTON) values (21302,'Aguas Claras',213);
Insert into USQL.DISTRITO (IDDISTRITO,DESCRIPCIONDISTRITO,IDCANTON) values (21303,'San José o Pizote',213);
Insert into USQL.DISTRITO (IDDISTRITO,DESCRIPCIONDISTRITO,IDCANTON) values (21304,'Bijagua',213);
Insert into USQL.DISTRITO (IDDISTRITO,DESCRIPCIONDISTRITO,IDCANTON) values (21305,'Delicias',213);
Insert into USQL.DISTRITO (IDDISTRITO,DESCRIPCIONDISTRITO,IDCANTON) values (21306,'Dos Ríos',213);
Insert into USQL.DISTRITO (IDDISTRITO,DESCRIPCIONDISTRITO,IDCANTON) values (21307,'Yolillal',213);
Insert into USQL.DISTRITO (IDDISTRITO,DESCRIPCIONDISTRITO,IDCANTON) values (21401,'Los Chiles',214);
Insert into USQL.DISTRITO (IDDISTRITO,DESCRIPCIONDISTRITO,IDCANTON) values (21402,'Caño Negro',214);
Insert into USQL.DISTRITO (IDDISTRITO,DESCRIPCIONDISTRITO,IDCANTON) values (21403,'Amparo',214);
Insert into USQL.DISTRITO (IDDISTRITO,DESCRIPCIONDISTRITO,IDCANTON) values (21404,'San Jorge',214);
Insert into USQL.DISTRITO (IDDISTRITO,DESCRIPCIONDISTRITO,IDCANTON) values (21501,'San Rafael',215);
Insert into USQL.DISTRITO (IDDISTRITO,DESCRIPCIONDISTRITO,IDCANTON) values (21502,'Buenavista',215);
Insert into USQL.DISTRITO (IDDISTRITO,DESCRIPCIONDISTRITO,IDCANTON) values (21503,'Cote',215);
Insert into USQL.DISTRITO (IDDISTRITO,DESCRIPCIONDISTRITO,IDCANTON) values (30101,'Oriental',301);
Insert into USQL.DISTRITO (IDDISTRITO,DESCRIPCIONDISTRITO,IDCANTON) values (30102,'Occidental',301);
Insert into USQL.DISTRITO (IDDISTRITO,DESCRIPCIONDISTRITO,IDCANTON) values (30103,'Carmen',301);
Insert into USQL.DISTRITO (IDDISTRITO,DESCRIPCIONDISTRITO,IDCANTON) values (30104,'San Nicolás',301);
Insert into USQL.DISTRITO (IDDISTRITO,DESCRIPCIONDISTRITO,IDCANTON) values (30106,'Guadalupe o Arenilla',301);
Insert into USQL.DISTRITO (IDDISTRITO,DESCRIPCIONDISTRITO,IDCANTON) values (30107,'Corralillo',301);
Insert into USQL.DISTRITO (IDDISTRITO,DESCRIPCIONDISTRITO,IDCANTON) values (30108,'Tierra Blanca',301);
Insert into USQL.DISTRITO (IDDISTRITO,DESCRIPCIONDISTRITO,IDCANTON) values (30109,'Dulce Nombre',301);
Insert into USQL.DISTRITO (IDDISTRITO,DESCRIPCIONDISTRITO,IDCANTON) values (30110,'Llano Grande',301);
Insert into USQL.DISTRITO (IDDISTRITO,DESCRIPCIONDISTRITO,IDCANTON) values (30111,'Quebradilla',301);
Insert into USQL.DISTRITO (IDDISTRITO,DESCRIPCIONDISTRITO,IDCANTON) values (30201,'Paraíso',302);
Insert into USQL.DISTRITO (IDDISTRITO,DESCRIPCIONDISTRITO,IDCANTON) values (30202,'Santiago',302);
Insert into USQL.DISTRITO (IDDISTRITO,DESCRIPCIONDISTRITO,IDCANTON) values (30203,'Orosi',302);
Insert into USQL.DISTRITO (IDDISTRITO,DESCRIPCIONDISTRITO,IDCANTON) values (30204,'Cachí',302);
Insert into USQL.DISTRITO (IDDISTRITO,DESCRIPCIONDISTRITO,IDCANTON) values (30301,'Tres Ríos',303);
Insert into USQL.DISTRITO (IDDISTRITO,DESCRIPCIONDISTRITO,IDCANTON) values (30302,'San Diego',303);
Insert into USQL.DISTRITO (IDDISTRITO,DESCRIPCIONDISTRITO,IDCANTON) values (30303,'San Juan',303);
Insert into USQL.DISTRITO (IDDISTRITO,DESCRIPCIONDISTRITO,IDCANTON) values (30304,'San Rafael',303);
Insert into USQL.DISTRITO (IDDISTRITO,DESCRIPCIONDISTRITO,IDCANTON) values (30305,'Concepción',303);
Insert into USQL.DISTRITO (IDDISTRITO,DESCRIPCIONDISTRITO,IDCANTON) values (30306,'Dulce Nombre',303);
Insert into USQL.DISTRITO (IDDISTRITO,DESCRIPCIONDISTRITO,IDCANTON) values (30307,'San Ramón',303);
Insert into USQL.DISTRITO (IDDISTRITO,DESCRIPCIONDISTRITO,IDCANTON) values (30308,'Río Azul',303);
Insert into USQL.DISTRITO (IDDISTRITO,DESCRIPCIONDISTRITO,IDCANTON) values (30401,'Juan Viñas',304);
Insert into USQL.DISTRITO (IDDISTRITO,DESCRIPCIONDISTRITO,IDCANTON) values (30402,'Tucurrique',304);
Insert into USQL.DISTRITO (IDDISTRITO,DESCRIPCIONDISTRITO,IDCANTON) values (30403,'Pejibaye',304);
Insert into USQL.DISTRITO (IDDISTRITO,DESCRIPCIONDISTRITO,IDCANTON) values (30501,'Turrialba',305);
Insert into USQL.DISTRITO (IDDISTRITO,DESCRIPCIONDISTRITO,IDCANTON) values (30502,'La Suiza',305);
Insert into USQL.DISTRITO (IDDISTRITO,DESCRIPCIONDISTRITO,IDCANTON) values (30503,'Peralta',305);
Insert into USQL.DISTRITO (IDDISTRITO,DESCRIPCIONDISTRITO,IDCANTON) values (30504,'Santa Cruz',305);
Insert into USQL.DISTRITO (IDDISTRITO,DESCRIPCIONDISTRITO,IDCANTON) values (30505,'Santa Teresita',305);
Insert into USQL.DISTRITO (IDDISTRITO,DESCRIPCIONDISTRITO,IDCANTON) values (30506,'Pavones',305);
Insert into USQL.DISTRITO (IDDISTRITO,DESCRIPCIONDISTRITO,IDCANTON) values (30507,'Tuis',305);
Insert into USQL.DISTRITO (IDDISTRITO,DESCRIPCIONDISTRITO,IDCANTON) values (30508,'Tayutic',305);
Insert into USQL.DISTRITO (IDDISTRITO,DESCRIPCIONDISTRITO,IDCANTON) values (30509,'Santa Rosa',305);
Insert into USQL.DISTRITO (IDDISTRITO,DESCRIPCIONDISTRITO,IDCANTON) values (30510,'Tres Equis',305);
Insert into USQL.DISTRITO (IDDISTRITO,DESCRIPCIONDISTRITO,IDCANTON) values (30511,'La Isabel',305);
Insert into USQL.DISTRITO (IDDISTRITO,DESCRIPCIONDISTRITO,IDCANTON) values (30512,'Chirripó',305);
Insert into USQL.DISTRITO (IDDISTRITO,DESCRIPCIONDISTRITO,IDCANTON) values (30601,'Pacayas',306);
Insert into USQL.DISTRITO (IDDISTRITO,DESCRIPCIONDISTRITO,IDCANTON) values (30602,'Cervantes',306);
Insert into USQL.DISTRITO (IDDISTRITO,DESCRIPCIONDISTRITO,IDCANTON) values (30603,'Capellades',306);
Insert into USQL.DISTRITO (IDDISTRITO,DESCRIPCIONDISTRITO,IDCANTON) values (30701,'San Rafael',307);
Insert into USQL.DISTRITO (IDDISTRITO,DESCRIPCIONDISTRITO,IDCANTON) values (30702,'Cot',307);
Insert into USQL.DISTRITO (IDDISTRITO,DESCRIPCIONDISTRITO,IDCANTON) values (30703,'Potrero Cerrado',307);
Insert into USQL.DISTRITO (IDDISTRITO,DESCRIPCIONDISTRITO,IDCANTON) values (30704,'Cipreses',307);
Insert into USQL.DISTRITO (IDDISTRITO,DESCRIPCIONDISTRITO,IDCANTON) values (30705,'Santa Rosa',307);
Insert into USQL.DISTRITO (IDDISTRITO,DESCRIPCIONDISTRITO,IDCANTON) values (30801,'El Tejar',308);
Insert into USQL.DISTRITO (IDDISTRITO,DESCRIPCIONDISTRITO,IDCANTON) values (30802,'San Isidro',308);
Insert into USQL.DISTRITO (IDDISTRITO,DESCRIPCIONDISTRITO,IDCANTON) values (30803,'Tobosi',308);
Insert into USQL.DISTRITO (IDDISTRITO,DESCRIPCIONDISTRITO,IDCANTON) values (30804,'Patio de Agua',308);
Insert into USQL.DISTRITO (IDDISTRITO,DESCRIPCIONDISTRITO,IDCANTON) values (40101,'Heredia',401);
Insert into USQL.DISTRITO (IDDISTRITO,DESCRIPCIONDISTRITO,IDCANTON) values (40102,'Mercedes',401);
Insert into USQL.DISTRITO (IDDISTRITO,DESCRIPCIONDISTRITO,IDCANTON) values (40103,'San Francisco',401);
Insert into USQL.DISTRITO (IDDISTRITO,DESCRIPCIONDISTRITO,IDCANTON) values (40104,'Ulloa',401);
Insert into USQL.DISTRITO (IDDISTRITO,DESCRIPCIONDISTRITO,IDCANTON) values (40105,'Varablanca',401);
Insert into USQL.DISTRITO (IDDISTRITO,DESCRIPCIONDISTRITO,IDCANTON) values (40201,'Barva',402);
Insert into USQL.DISTRITO (IDDISTRITO,DESCRIPCIONDISTRITO,IDCANTON) values (40202,'San Pedro',402);
Insert into USQL.DISTRITO (IDDISTRITO,DESCRIPCIONDISTRITO,IDCANTON) values (40203,'San Pablo',402);
Insert into USQL.DISTRITO (IDDISTRITO,DESCRIPCIONDISTRITO,IDCANTON) values (40204,'San Roque',402);
Insert into USQL.DISTRITO (IDDISTRITO,DESCRIPCIONDISTRITO,IDCANTON) values (40205,'Santa Lucía',402);
Insert into USQL.DISTRITO (IDDISTRITO,DESCRIPCIONDISTRITO,IDCANTON) values (40301,'Santo Domingo',403);
Insert into USQL.DISTRITO (IDDISTRITO,DESCRIPCIONDISTRITO,IDCANTON) values (40302,'San Vicente',403);
Insert into USQL.DISTRITO (IDDISTRITO,DESCRIPCIONDISTRITO,IDCANTON) values (40303,'San Miguel',403);
Insert into USQL.DISTRITO (IDDISTRITO,DESCRIPCIONDISTRITO,IDCANTON) values (40304,'Paracito',403);
Insert into USQL.DISTRITO (IDDISTRITO,DESCRIPCIONDISTRITO,IDCANTON) values (40305,'Santo Tomás',403);
Insert into USQL.DISTRITO (IDDISTRITO,DESCRIPCIONDISTRITO,IDCANTON) values (40306,'Santa Rosa',403);
Insert into USQL.DISTRITO (IDDISTRITO,DESCRIPCIONDISTRITO,IDCANTON) values (40307,'Tures',403);
Insert into USQL.DISTRITO (IDDISTRITO,DESCRIPCIONDISTRITO,IDCANTON) values (40308,'Pará',403);
Insert into USQL.DISTRITO (IDDISTRITO,DESCRIPCIONDISTRITO,IDCANTON) values (40401,'Santa Bárbara',404);
Insert into USQL.DISTRITO (IDDISTRITO,DESCRIPCIONDISTRITO,IDCANTON) values (40402,'San Pedro',404);
Insert into USQL.DISTRITO (IDDISTRITO,DESCRIPCIONDISTRITO,IDCANTON) values (40403,'San Juan',404);
Insert into USQL.DISTRITO (IDDISTRITO,DESCRIPCIONDISTRITO,IDCANTON) values (40404,'Jesús',404);
Insert into USQL.DISTRITO (IDDISTRITO,DESCRIPCIONDISTRITO,IDCANTON) values (40406,'Puraba',404);
Insert into USQL.DISTRITO (IDDISTRITO,DESCRIPCIONDISTRITO,IDCANTON) values (40501,'San Rafael',405);
Insert into USQL.DISTRITO (IDDISTRITO,DESCRIPCIONDISTRITO,IDCANTON) values (40502,'San Josecito',405);
Insert into USQL.DISTRITO (IDDISTRITO,DESCRIPCIONDISTRITO,IDCANTON) values (40503,'Santiago',405);
Insert into USQL.DISTRITO (IDDISTRITO,DESCRIPCIONDISTRITO,IDCANTON) values (40504,'Angeles',405);
Insert into USQL.DISTRITO (IDDISTRITO,DESCRIPCIONDISTRITO,IDCANTON) values (40505,'Concepción',405);
Insert into USQL.DISTRITO (IDDISTRITO,DESCRIPCIONDISTRITO,IDCANTON) values (40601,'San Isidro',406);
Insert into USQL.DISTRITO (IDDISTRITO,DESCRIPCIONDISTRITO,IDCANTON) values (40602,'San José',406);
Insert into USQL.DISTRITO (IDDISTRITO,DESCRIPCIONDISTRITO,IDCANTON) values (40603,'Concepción',406);
Insert into USQL.DISTRITO (IDDISTRITO,DESCRIPCIONDISTRITO,IDCANTON) values (40604,'San Francisco',406);
Insert into USQL.DISTRITO (IDDISTRITO,DESCRIPCIONDISTRITO,IDCANTON) values (40701,'San Antonio',407);
Insert into USQL.DISTRITO (IDDISTRITO,DESCRIPCIONDISTRITO,IDCANTON) values (40702,'La Ribera',407);
Insert into USQL.DISTRITO (IDDISTRITO,DESCRIPCIONDISTRITO,IDCANTON) values (40703,'Asunción',407);
Insert into USQL.DISTRITO (IDDISTRITO,DESCRIPCIONDISTRITO,IDCANTON) values (40801,'San Joaquín',408);
Insert into USQL.DISTRITO (IDDISTRITO,DESCRIPCIONDISTRITO,IDCANTON) values (40802,'Barrantes',408);
Insert into USQL.DISTRITO (IDDISTRITO,DESCRIPCIONDISTRITO,IDCANTON) values (40803,'Llorente',408);
Insert into USQL.DISTRITO (IDDISTRITO,DESCRIPCIONDISTRITO,IDCANTON) values (40901,'San Pablo',409);
Insert into USQL.DISTRITO (IDDISTRITO,DESCRIPCIONDISTRITO,IDCANTON) values (41001,'Puerto Viejo',410);
Insert into USQL.DISTRITO (IDDISTRITO,DESCRIPCIONDISTRITO,IDCANTON) values (41002,'La Virgen',410);
Insert into USQL.DISTRITO (IDDISTRITO,DESCRIPCIONDISTRITO,IDCANTON) values (41003,'Horquetas',410);
Insert into USQL.DISTRITO (IDDISTRITO,DESCRIPCIONDISTRITO,IDCANTON) values (41004,'Llanuras de Gaspar',410);
Insert into USQL.DISTRITO (IDDISTRITO,DESCRIPCIONDISTRITO,IDCANTON) values (41005,'Cureña',410);
Insert into USQL.DISTRITO (IDDISTRITO,DESCRIPCIONDISTRITO,IDCANTON) values (50101,'Liberia',501);
Insert into USQL.DISTRITO (IDDISTRITO,DESCRIPCIONDISTRITO,IDCANTON) values (50102,'Cañas Dulces',501);
Insert into USQL.DISTRITO (IDDISTRITO,DESCRIPCIONDISTRITO,IDCANTON) values (50103,'Mayorga',501);
Insert into USQL.DISTRITO (IDDISTRITO,DESCRIPCIONDISTRITO,IDCANTON) values (50104,'Nacascolo',501);
Insert into USQL.DISTRITO (IDDISTRITO,DESCRIPCIONDISTRITO,IDCANTON) values (50105,'Curubande',501);
Insert into USQL.DISTRITO (IDDISTRITO,DESCRIPCIONDISTRITO,IDCANTON) values (50201,'Nicoya',502);
Insert into USQL.DISTRITO (IDDISTRITO,DESCRIPCIONDISTRITO,IDCANTON) values (50202,'Mansión',502);
Insert into USQL.DISTRITO (IDDISTRITO,DESCRIPCIONDISTRITO,IDCANTON) values (50203,'San Antonio',502);
Insert into USQL.DISTRITO (IDDISTRITO,DESCRIPCIONDISTRITO,IDCANTON) values (50204,'Quebrada Honda',502);
Insert into USQL.DISTRITO (IDDISTRITO,DESCRIPCIONDISTRITO,IDCANTON) values (50205,'Sámara',502);
Insert into USQL.DISTRITO (IDDISTRITO,DESCRIPCIONDISTRITO,IDCANTON) values (50206,'Nósara',502);
Insert into USQL.DISTRITO (IDDISTRITO,DESCRIPCIONDISTRITO,IDCANTON) values (50207,'Belén de Nosarita',502);
Insert into USQL.DISTRITO (IDDISTRITO,DESCRIPCIONDISTRITO,IDCANTON) values (50301,'Santa Cruz',503);
Insert into USQL.DISTRITO (IDDISTRITO,DESCRIPCIONDISTRITO,IDCANTON) values (50302,'Bolsón',503);
Insert into USQL.DISTRITO (IDDISTRITO,DESCRIPCIONDISTRITO,IDCANTON) values (50303,'Veintisiete de Abril',503);
Insert into USQL.DISTRITO (IDDISTRITO,DESCRIPCIONDISTRITO,IDCANTON) values (50304,'Tempate',503);
Insert into USQL.DISTRITO (IDDISTRITO,DESCRIPCIONDISTRITO,IDCANTON) values (50305,'Cartagena',503);
Insert into USQL.DISTRITO (IDDISTRITO,DESCRIPCIONDISTRITO,IDCANTON) values (50306,'Cuajiniquil',503);
Insert into USQL.DISTRITO (IDDISTRITO,DESCRIPCIONDISTRITO,IDCANTON) values (50307,'Diriá',503);
Insert into USQL.DISTRITO (IDDISTRITO,DESCRIPCIONDISTRITO,IDCANTON) values (50308,'Cabo Velas',503);
Insert into USQL.DISTRITO (IDDISTRITO,DESCRIPCIONDISTRITO,IDCANTON) values (50309,'Tamarindo',503);
Insert into USQL.DISTRITO (IDDISTRITO,DESCRIPCIONDISTRITO,IDCANTON) values (50401,'Bagaces',504);
Insert into USQL.DISTRITO (IDDISTRITO,DESCRIPCIONDISTRITO,IDCANTON) values (50402,'Fortuna',504);
Insert into USQL.DISTRITO (IDDISTRITO,DESCRIPCIONDISTRITO,IDCANTON) values (50403,'Mogote',504);
Insert into USQL.DISTRITO (IDDISTRITO,DESCRIPCIONDISTRITO,IDCANTON) values (50404,'Río Naranjo',504);
Insert into USQL.DISTRITO (IDDISTRITO,DESCRIPCIONDISTRITO,IDCANTON) values (50701,'Juntas',507);
Insert into USQL.DISTRITO (IDDISTRITO,DESCRIPCIONDISTRITO,IDCANTON) values (50702,'Sierra',507);
Insert into USQL.DISTRITO (IDDISTRITO,DESCRIPCIONDISTRITO,IDCANTON) values (50703,'San Juan',507);
Insert into USQL.DISTRITO (IDDISTRITO,DESCRIPCIONDISTRITO,IDCANTON) values (50704,'Colorado',507);
Insert into USQL.DISTRITO (IDDISTRITO,DESCRIPCIONDISTRITO,IDCANTON) values (50801,'Tilarán',508);
Insert into USQL.DISTRITO (IDDISTRITO,DESCRIPCIONDISTRITO,IDCANTON) values (50802,'Quebrada Grande',508);
Insert into USQL.DISTRITO (IDDISTRITO,DESCRIPCIONDISTRITO,IDCANTON) values (50803,'Tronadora',508);
Insert into USQL.DISTRITO (IDDISTRITO,DESCRIPCIONDISTRITO,IDCANTON) values (50804,'Santa Rosa',508);
Insert into USQL.DISTRITO (IDDISTRITO,DESCRIPCIONDISTRITO,IDCANTON) values (50805,'Líbano',508);
Insert into USQL.DISTRITO (IDDISTRITO,DESCRIPCIONDISTRITO,IDCANTON) values (50806,'Tierras Morenas',508);
Insert into USQL.DISTRITO (IDDISTRITO,DESCRIPCIONDISTRITO,IDCANTON) values (50807,'Arenal',508);
Insert into USQL.DISTRITO (IDDISTRITO,DESCRIPCIONDISTRITO,IDCANTON) values (50901,'Carmona',509);
Insert into USQL.DISTRITO (IDDISTRITO,DESCRIPCIONDISTRITO,IDCANTON) values (50902,'Santa Rita',509);
Insert into USQL.DISTRITO (IDDISTRITO,DESCRIPCIONDISTRITO,IDCANTON) values (50903,'Zapotal',509);
Insert into USQL.DISTRITO (IDDISTRITO,DESCRIPCIONDISTRITO,IDCANTON) values (50904,'San Pablo',509);
Insert into USQL.DISTRITO (IDDISTRITO,DESCRIPCIONDISTRITO,IDCANTON) values (50905,'Porvenir',509);
Insert into USQL.DISTRITO (IDDISTRITO,DESCRIPCIONDISTRITO,IDCANTON) values (50906,'Bejuco',509);
Insert into USQL.DISTRITO (IDDISTRITO,DESCRIPCIONDISTRITO,IDCANTON) values (51001,'La Cruz',510);
Insert into USQL.DISTRITO (IDDISTRITO,DESCRIPCIONDISTRITO,IDCANTON) values (51002,'Santa Cecilia',510);
Insert into USQL.DISTRITO (IDDISTRITO,DESCRIPCIONDISTRITO,IDCANTON) values (51003,'Garita',510);
Insert into USQL.DISTRITO (IDDISTRITO,DESCRIPCIONDISTRITO,IDCANTON) values (51004,'Santa Elena',510);
Insert into USQL.DISTRITO (IDDISTRITO,DESCRIPCIONDISTRITO,IDCANTON) values (51101,'Hojancha',511);
Insert into USQL.DISTRITO (IDDISTRITO,DESCRIPCIONDISTRITO,IDCANTON) values (51102,'Monte Romo',511);
Insert into USQL.DISTRITO (IDDISTRITO,DESCRIPCIONDISTRITO,IDCANTON) values (51103,'Puerto Carrillo',511);
Insert into USQL.DISTRITO (IDDISTRITO,DESCRIPCIONDISTRITO,IDCANTON) values (51104,'Huacas',511);
Insert into USQL.DISTRITO (IDDISTRITO,DESCRIPCIONDISTRITO,IDCANTON) values (60101,'Puntarenas',601);
Insert into USQL.DISTRITO (IDDISTRITO,DESCRIPCIONDISTRITO,IDCANTON) values (60102,'Pitahaya',601);
Insert into USQL.DISTRITO (IDDISTRITO,DESCRIPCIONDISTRITO,IDCANTON) values (60103,'Chomes',601);
Insert into USQL.DISTRITO (IDDISTRITO,DESCRIPCIONDISTRITO,IDCANTON) values (60104,'Lepanto',601);
Insert into USQL.DISTRITO (IDDISTRITO,DESCRIPCIONDISTRITO,IDCANTON) values (60105,'Paquera',601);
Insert into USQL.DISTRITO (IDDISTRITO,DESCRIPCIONDISTRITO,IDCANTON) values (60106,'Manzanillo',601);
Insert into USQL.DISTRITO (IDDISTRITO,DESCRIPCIONDISTRITO,IDCANTON) values (60107,'Guacimal',601);
Insert into USQL.DISTRITO (IDDISTRITO,DESCRIPCIONDISTRITO,IDCANTON) values (60108,'Barranca',601);
Insert into USQL.DISTRITO (IDDISTRITO,DESCRIPCIONDISTRITO,IDCANTON) values (60109,'Monte Verde',601);
Insert into USQL.DISTRITO (IDDISTRITO,DESCRIPCIONDISTRITO,IDCANTON) values (60110,'Isla del Coco',601);
Insert into USQL.DISTRITO (IDDISTRITO,DESCRIPCIONDISTRITO,IDCANTON) values (60111,'Cóbano',601);
Insert into USQL.DISTRITO (IDDISTRITO,DESCRIPCIONDISTRITO,IDCANTON) values (60112,'Chacarita',601);
Insert into USQL.DISTRITO (IDDISTRITO,DESCRIPCIONDISTRITO,IDCANTON) values (60113,'Chira',601);
Insert into USQL.DISTRITO (IDDISTRITO,DESCRIPCIONDISTRITO,IDCANTON) values (60114,'Acapulco',601);
Insert into USQL.DISTRITO (IDDISTRITO,DESCRIPCIONDISTRITO,IDCANTON) values (60115,'Roble',601);
Insert into USQL.DISTRITO (IDDISTRITO,DESCRIPCIONDISTRITO,IDCANTON) values (60116,'Arancibia',601);
Insert into USQL.DISTRITO (IDDISTRITO,DESCRIPCIONDISTRITO,IDCANTON) values (60201,'Espíritu Santo',602);
Insert into USQL.DISTRITO (IDDISTRITO,DESCRIPCIONDISTRITO,IDCANTON) values (60202,'San Juan Grande',602);
Insert into USQL.DISTRITO (IDDISTRITO,DESCRIPCIONDISTRITO,IDCANTON) values (60203,'Macacona',602);
Insert into USQL.DISTRITO (IDDISTRITO,DESCRIPCIONDISTRITO,IDCANTON) values (60204,'San Rafael',602);
Insert into USQL.DISTRITO (IDDISTRITO,DESCRIPCIONDISTRITO,IDCANTON) values (60205,'San Jerónimo',602);
Insert into USQL.DISTRITO (IDDISTRITO,DESCRIPCIONDISTRITO,IDCANTON) values (60301,'Buenos Aires',603);
Insert into USQL.DISTRITO (IDDISTRITO,DESCRIPCIONDISTRITO,IDCANTON) values (60302,'Volcán',603);
Insert into USQL.DISTRITO (IDDISTRITO,DESCRIPCIONDISTRITO,IDCANTON) values (60303,'Potrero Grande',603);
Insert into USQL.DISTRITO (IDDISTRITO,DESCRIPCIONDISTRITO,IDCANTON) values (60304,'Boruca',603);
Insert into USQL.DISTRITO (IDDISTRITO,DESCRIPCIONDISTRITO,IDCANTON) values (60305,'Pilas',603);
Insert into USQL.DISTRITO (IDDISTRITO,DESCRIPCIONDISTRITO,IDCANTON) values (60307,'Chánguena',603);
Insert into USQL.DISTRITO (IDDISTRITO,DESCRIPCIONDISTRITO,IDCANTON) values (60308,'Bioley',603);
Insert into USQL.DISTRITO (IDDISTRITO,DESCRIPCIONDISTRITO,IDCANTON) values (60309,'Brunka',603);
Insert into USQL.DISTRITO (IDDISTRITO,DESCRIPCIONDISTRITO,IDCANTON) values (60401,'Miramar',604);
Insert into USQL.DISTRITO (IDDISTRITO,DESCRIPCIONDISTRITO,IDCANTON) values (60402,'Unión',604);
Insert into USQL.DISTRITO (IDDISTRITO,DESCRIPCIONDISTRITO,IDCANTON) values (60403,'San Isidro',604);
Insert into USQL.DISTRITO (IDDISTRITO,DESCRIPCIONDISTRITO,IDCANTON) values (60501,'Puerto Cortés',605);
Insert into USQL.DISTRITO (IDDISTRITO,DESCRIPCIONDISTRITO,IDCANTON) values (60502,'Palmar',605);
Insert into USQL.DISTRITO (IDDISTRITO,DESCRIPCIONDISTRITO,IDCANTON) values (60503,'Sierpe',605);
Insert into USQL.DISTRITO (IDDISTRITO,DESCRIPCIONDISTRITO,IDCANTON) values (60504,'Bahía Ballena',605);
Insert into USQL.DISTRITO (IDDISTRITO,DESCRIPCIONDISTRITO,IDCANTON) values (60505,'Piedras Blancas',605);
Insert into USQL.DISTRITO (IDDISTRITO,DESCRIPCIONDISTRITO,IDCANTON) values (60601,'Quepos',606);
Insert into USQL.DISTRITO (IDDISTRITO,DESCRIPCIONDISTRITO,IDCANTON) values (60602,'Savegre',606);
Insert into USQL.DISTRITO (IDDISTRITO,DESCRIPCIONDISTRITO,IDCANTON) values (60603,'Naranjito',606);
Insert into USQL.DISTRITO (IDDISTRITO,DESCRIPCIONDISTRITO,IDCANTON) values (60701,'Golfito',607);
Insert into USQL.DISTRITO (IDDISTRITO,DESCRIPCIONDISTRITO,IDCANTON) values (60702,'Puerto Jiménez',607);
Insert into USQL.DISTRITO (IDDISTRITO,DESCRIPCIONDISTRITO,IDCANTON) values (60703,'Guaycará',607);
Insert into USQL.DISTRITO (IDDISTRITO,DESCRIPCIONDISTRITO,IDCANTON) values (60704,'Pavon',607);
Insert into USQL.DISTRITO (IDDISTRITO,DESCRIPCIONDISTRITO,IDCANTON) values (60801,'San Vito',608);
Insert into USQL.DISTRITO (IDDISTRITO,DESCRIPCIONDISTRITO,IDCANTON) values (60802,'Sabalito',608);
Insert into USQL.DISTRITO (IDDISTRITO,DESCRIPCIONDISTRITO,IDCANTON) values (60803,'Agua Buena',608);
Insert into USQL.DISTRITO (IDDISTRITO,DESCRIPCIONDISTRITO,IDCANTON) values (60804,'Limoncito',608);
Insert into USQL.DISTRITO (IDDISTRITO,DESCRIPCIONDISTRITO,IDCANTON) values (60805,'Pittier',608);
Insert into USQL.DISTRITO (IDDISTRITO,DESCRIPCIONDISTRITO,IDCANTON) values (60901,'Parrita',609);
Insert into USQL.DISTRITO (IDDISTRITO,DESCRIPCIONDISTRITO,IDCANTON) values (61001,'Corredor',610);
Insert into USQL.DISTRITO (IDDISTRITO,DESCRIPCIONDISTRITO,IDCANTON) values (61002,'La Cuesta',610);
Insert into USQL.DISTRITO (IDDISTRITO,DESCRIPCIONDISTRITO,IDCANTON) values (61003,'Paso Canoas',610);
Insert into USQL.DISTRITO (IDDISTRITO,DESCRIPCIONDISTRITO,IDCANTON) values (61004,'Laurel',610);
Insert into USQL.DISTRITO (IDDISTRITO,DESCRIPCIONDISTRITO,IDCANTON) values (61101,'Jacó',611);
Insert into USQL.DISTRITO (IDDISTRITO,DESCRIPCIONDISTRITO,IDCANTON) values (61102,'Tárcoles',611);
Insert into USQL.DISTRITO (IDDISTRITO,DESCRIPCIONDISTRITO,IDCANTON) values (70101,'Limón',701);
Insert into USQL.DISTRITO (IDDISTRITO,DESCRIPCIONDISTRITO,IDCANTON) values (70102,'Valle La Estrella',701);
Insert into USQL.DISTRITO (IDDISTRITO,DESCRIPCIONDISTRITO,IDCANTON) values (70103,'Río Blanco',701);
Insert into USQL.DISTRITO (IDDISTRITO,DESCRIPCIONDISTRITO,IDCANTON) values (70104,'Matama',701);
Insert into USQL.DISTRITO (IDDISTRITO,DESCRIPCIONDISTRITO,IDCANTON) values (70201,'Guápiles',702);
Insert into USQL.DISTRITO (IDDISTRITO,DESCRIPCIONDISTRITO,IDCANTON) values (70202,'Jiménez',702);
Insert into USQL.DISTRITO (IDDISTRITO,DESCRIPCIONDISTRITO,IDCANTON) values (70203,'Rita',702);
Insert into USQL.DISTRITO (IDDISTRITO,DESCRIPCIONDISTRITO,IDCANTON) values (70204,'Roxana',702);
Insert into USQL.DISTRITO (IDDISTRITO,DESCRIPCIONDISTRITO,IDCANTON) values (70205,'Cariari',702);
Insert into USQL.DISTRITO (IDDISTRITO,DESCRIPCIONDISTRITO,IDCANTON) values (70206,'Colorado',702);
Insert into USQL.DISTRITO (IDDISTRITO,DESCRIPCIONDISTRITO,IDCANTON) values (70301,'Siquirres',703);
Insert into USQL.DISTRITO (IDDISTRITO,DESCRIPCIONDISTRITO,IDCANTON) values (70302,'Pacuarito',703);
Insert into USQL.DISTRITO (IDDISTRITO,DESCRIPCIONDISTRITO,IDCANTON) values (70303,'Florida',703);
Insert into USQL.DISTRITO (IDDISTRITO,DESCRIPCIONDISTRITO,IDCANTON) values (70304,'Germania',703);
Insert into USQL.DISTRITO (IDDISTRITO,DESCRIPCIONDISTRITO,IDCANTON) values (70305,'Cairo',703);
Insert into USQL.DISTRITO (IDDISTRITO,DESCRIPCIONDISTRITO,IDCANTON) values (70306,'Alegría',703);
Insert into USQL.DISTRITO (IDDISTRITO,DESCRIPCIONDISTRITO,IDCANTON) values (70401,'Bratsi',704);
Insert into USQL.DISTRITO (IDDISTRITO,DESCRIPCIONDISTRITO,IDCANTON) values (70402,'Sixaola',704);
Insert into USQL.DISTRITO (IDDISTRITO,DESCRIPCIONDISTRITO,IDCANTON) values (70403,'Cahuita',704);
Insert into USQL.DISTRITO (IDDISTRITO,DESCRIPCIONDISTRITO,IDCANTON) values (70404,'Telire',704);
Insert into USQL.DISTRITO (IDDISTRITO,DESCRIPCIONDISTRITO,IDCANTON) values (70501,'Matina',705);
Insert into USQL.DISTRITO (IDDISTRITO,DESCRIPCIONDISTRITO,IDCANTON) values (70502,'Batán',705);
Insert into USQL.DISTRITO (IDDISTRITO,DESCRIPCIONDISTRITO,IDCANTON) values (70503,'Carrandí',705);
Insert into USQL.DISTRITO (IDDISTRITO,DESCRIPCIONDISTRITO,IDCANTON) values (70601,'Guácimo',706);
Insert into USQL.DISTRITO (IDDISTRITO,DESCRIPCIONDISTRITO,IDCANTON) values (70602,'Mercedes',706);
Insert into USQL.DISTRITO (IDDISTRITO,DESCRIPCIONDISTRITO,IDCANTON) values (70603,'Pocora',706);
Insert into USQL.DISTRITO (IDDISTRITO,DESCRIPCIONDISTRITO,IDCANTON) values (70604,'Río Jiménez',706);
Insert into USQL.DISTRITO (IDDISTRITO,DESCRIPCIONDISTRITO,IDCANTON) values (70605,'Duacarí',706);
Insert into USQL.DISTRITO (IDDISTRITO,DESCRIPCIONDISTRITO,IDCANTON) values (60306,'Colinas',603);
REM INSERTING into USQL.METODOPAGO
SET DEFINE OFF;
REM INSERTING into USQL.ORDEN
SET DEFINE OFF;
Insert into USQL.ORDEN (IDORDEN,FECHAORDEN,IDUSUARIO,IDSUCURSAL) values (7,to_date('25-APR-21','DD-MON-RR'),4,2);
Insert into USQL.ORDEN (IDORDEN,FECHAORDEN,IDUSUARIO,IDSUCURSAL) values (8,to_date('25-APR-21','DD-MON-RR'),4,2);
REM INSERTING into USQL.ORDENPRODUCTO
SET DEFINE OFF;
Insert into USQL.ORDENPRODUCTO (IDSUCURSAL,IDORDEN,IDUSUARIO,IDPRODUCTO,IDTIPOPRODUCTO) values (2,7,4,25,21);
Insert into USQL.ORDENPRODUCTO (IDSUCURSAL,IDORDEN,IDUSUARIO,IDPRODUCTO,IDTIPOPRODUCTO) values (2,7,4,26,21);
Insert into USQL.ORDENPRODUCTO (IDSUCURSAL,IDORDEN,IDUSUARIO,IDPRODUCTO,IDTIPOPRODUCTO) values (2,8,4,24,22);
Insert into USQL.ORDENPRODUCTO (IDSUCURSAL,IDORDEN,IDUSUARIO,IDPRODUCTO,IDTIPOPRODUCTO) values (2,8,4,25,21);
Insert into USQL.ORDENPRODUCTO (IDSUCURSAL,IDORDEN,IDUSUARIO,IDPRODUCTO,IDTIPOPRODUCTO) values (2,8,4,26,21);
REM INSERTING into USQL.PRODUCTO
SET DEFINE OFF;
Insert into USQL.PRODUCTO (IDPRODUCTO,DESCRIPCIONPRODUCTO,PRECIOPRODUCTO,FECHAELABORADO,FECHAVENCIMIENTO,IDTIPOPRODUCTO,NUMEROSERIE,CANTIDADSTOCK,CANTIDADMINIMA) values (25,'Leche',600,to_date('17-APR-21','DD-MON-RR'),to_date('20-APR-21','DD-MON-RR'),21,30,-2,12);
Insert into USQL.PRODUCTO (IDPRODUCTO,DESCRIPCIONPRODUCTO,PRECIOPRODUCTO,FECHAELABORADO,FECHAVENCIMIENTO,IDTIPOPRODUCTO,NUMEROSERIE,CANTIDADSTOCK,CANTIDADMINIMA) values (24,'Arroz',2300,to_date('15-APR-21','DD-MON-RR'),to_date('17-MAY-21','DD-MON-RR'),22,40,9,15);
Insert into USQL.PRODUCTO (IDPRODUCTO,DESCRIPCIONPRODUCTO,PRECIOPRODUCTO,FECHAELABORADO,FECHAVENCIMIENTO,IDTIPOPRODUCTO,NUMEROSERIE,CANTIDADSTOCK,CANTIDADMINIMA) values (26,'Queso',500,to_date('17-APR-21','DD-MON-RR'),to_date('23-APR-21','DD-MON-RR'),21,50,26,5);
REM INSERTING into USQL.PRODUCTOPROVEEDOR
SET DEFINE OFF;
REM INSERTING into USQL.PROVEEDOR
SET DEFINE OFF;
Insert into USQL.PROVEEDOR (IDPROVEEDOR,NOMBRE,CEDULAJURIDICA,TELEFONOPROVEEDOR) values (2,'Dos Pinos','301230456','2298-5050');
REM INSERTING into USQL.PROVINCIA
SET DEFINE OFF;
Insert into USQL.PROVINCIA (IDPROVINCIA,DESCRIPCIONPROVINCIA) values (1,'San José');
Insert into USQL.PROVINCIA (IDPROVINCIA,DESCRIPCIONPROVINCIA) values (2,'Alajuela');
Insert into USQL.PROVINCIA (IDPROVINCIA,DESCRIPCIONPROVINCIA) values (3,'Cartago');
Insert into USQL.PROVINCIA (IDPROVINCIA,DESCRIPCIONPROVINCIA) values (4,'Heredia');
Insert into USQL.PROVINCIA (IDPROVINCIA,DESCRIPCIONPROVINCIA) values (5,'Guanacaste');
Insert into USQL.PROVINCIA (IDPROVINCIA,DESCRIPCIONPROVINCIA) values (6,'Puntarenas');
Insert into USQL.PROVINCIA (IDPROVINCIA,DESCRIPCIONPROVINCIA) values (7,'Limón');
REM INSERTING into USQL.ROLES
SET DEFINE OFF;
Insert into USQL.ROLES (IDROL,NOMBREROL) values (1,'Administrador');
Insert into USQL.ROLES (IDROL,NOMBREROL) values (2,'Vendedor');
Insert into USQL.ROLES (IDROL,NOMBREROL) values (3,'Cliente');
REM INSERTING into USQL.SUCURSAL
SET DEFINE OFF;
Insert into USQL.SUCURSAL (IDSUCURSAL,NOMBRESUCURSAL) values (2,'San Jose');
REM INSERTING into USQL.SUCURSALPRODUCTO
SET DEFINE OFF;
REM INSERTING into USQL.TELEFONO
SET DEFINE OFF;
REM INSERTING into USQL.TIPODIRECCION
SET DEFINE OFF;
Insert into USQL.TIPODIRECCION (IDTIPODIRECCION,TIPODIRECCION) values ('1                 ','Casa');
Insert into USQL.TIPODIRECCION (IDTIPODIRECCION,TIPODIRECCION) values ('2                 ','Trabajo');
Insert into USQL.TIPODIRECCION (IDTIPODIRECCION,TIPODIRECCION) values ('3                 ','Otro');
REM INSERTING into USQL.TIPOPRODUCTO
SET DEFINE OFF;
Insert into USQL.TIPOPRODUCTO (IDTIPOPRODUCTO,NOMBRETIPOPRODUCTO,DESCRIPCIONTIPOPRODUCTO) values (21,'Producto refrigerado','Lacteo');
Insert into USQL.TIPOPRODUCTO (IDTIPOPRODUCTO,NOMBRETIPOPRODUCTO,DESCRIPCIONTIPOPRODUCTO) values (22,'Abarrotes','Granos');
REM INSERTING into USQL.TIPOTELEFONO
SET DEFINE OFF;
Insert into USQL.TIPOTELEFONO (IDTIPOTELEFONO,TIPOTELEFONO) values (1,'Personal');
Insert into USQL.TIPOTELEFONO (IDTIPOTELEFONO,TIPOTELEFONO) values (2,'Domiciio');
Insert into USQL.TIPOTELEFONO (IDTIPOTELEFONO,TIPOTELEFONO) values (3,'Trabajo');
Insert into USQL.TIPOTELEFONO (IDTIPOTELEFONO,TIPOTELEFONO) values (4,'Otro');
REM INSERTING into USQL.USUARIO
SET DEFINE OFF;
Insert into USQL.USUARIO (IDUSUARIO,NOMBRE,APELLIDOS,CLAVE,CEDULA,IDROL) values (4,'Raquel','ARAYA','ABC','1',1);
Insert into USQL.USUARIO (IDUSUARIO,NOMBRE,APELLIDOS,CLAVE,CEDULA,IDROL) values (43,'Guissell','Miranda','SOS','1011101111',1);
Insert into USQL.USUARIO (IDUSUARIO,NOMBRE,APELLIDOS,CLAVE,CEDULA,IDROL) values (61,'Yuliana','Marin','qwe','202220222',2);
--------------------------------------------------------
--  DDL for Index CEDULAUNICA
--------------------------------------------------------

  CREATE UNIQUE INDEX "USQL"."CEDULAUNICA" ON "USQL"."USUARIO" ("CEDULA") 
  PCTFREE 10 INITRANS 2 MAXTRANS 255 COMPUTE STATISTICS 
  STORAGE(INITIAL 65536 NEXT 1048576 MINEXTENTS 1 MAXEXTENTS 2147483645
  PCTINCREASE 0 FREELISTS 1 FREELIST GROUPS 1
  BUFFER_POOL DEFAULT FLASH_CACHE DEFAULT CELL_FLASH_CACHE DEFAULT)
  TABLESPACE "SYSTEM" ;
--------------------------------------------------------
--  DDL for Index XPKCANTON
--------------------------------------------------------

  CREATE UNIQUE INDEX "USQL"."XPKCANTON" ON "USQL"."CANTON" ("IDCANTON") 
  PCTFREE 10 INITRANS 2 MAXTRANS 255 COMPUTE STATISTICS 
  STORAGE(INITIAL 65536 NEXT 1048576 MINEXTENTS 1 MAXEXTENTS 2147483645
  PCTINCREASE 0 FREELISTS 1 FREELIST GROUPS 1
  BUFFER_POOL DEFAULT FLASH_CACHE DEFAULT CELL_FLASH_CACHE DEFAULT)
  TABLESPACE "SYSTEM" ;
--------------------------------------------------------
--  DDL for Index XPKCORREO
--------------------------------------------------------

  CREATE UNIQUE INDEX "USQL"."XPKCORREO" ON "USQL"."CORREO" ("IDCORREO", "IDUSUARIO") 
  PCTFREE 10 INITRANS 2 MAXTRANS 255 COMPUTE STATISTICS 
  TABLESPACE "SYSTEM" ;
--------------------------------------------------------
--  DDL for Index XPKDIRECCION
--------------------------------------------------------

  CREATE UNIQUE INDEX "USQL"."XPKDIRECCION" ON "USQL"."DIRECCION" ("IDDIRECCION") 
  PCTFREE 10 INITRANS 2 MAXTRANS 255 COMPUTE STATISTICS 
  TABLESPACE "SYSTEM" ;
--------------------------------------------------------
--  DDL for Index XPKDISTRITO
--------------------------------------------------------

  CREATE UNIQUE INDEX "USQL"."XPKDISTRITO" ON "USQL"."DISTRITO" ("IDDISTRITO") 
  PCTFREE 10 INITRANS 2 MAXTRANS 255 COMPUTE STATISTICS 
  STORAGE(INITIAL 65536 NEXT 1048576 MINEXTENTS 1 MAXEXTENTS 2147483645
  PCTINCREASE 0 FREELISTS 1 FREELIST GROUPS 1
  BUFFER_POOL DEFAULT FLASH_CACHE DEFAULT CELL_FLASH_CACHE DEFAULT)
  TABLESPACE "SYSTEM" ;
--------------------------------------------------------
--  DDL for Index XPKMETODOPAGO
--------------------------------------------------------

  CREATE UNIQUE INDEX "USQL"."XPKMETODOPAGO" ON "USQL"."METODOPAGO" ("IDMETODO") 
  PCTFREE 10 INITRANS 2 MAXTRANS 255 COMPUTE STATISTICS 
  TABLESPACE "SYSTEM" ;
--------------------------------------------------------
--  DDL for Index XPKORDEN
--------------------------------------------------------

  CREATE UNIQUE INDEX "USQL"."XPKORDEN" ON "USQL"."ORDEN" ("IDORDEN", "IDUSUARIO", "IDSUCURSAL") 
  PCTFREE 10 INITRANS 2 MAXTRANS 255 COMPUTE STATISTICS 
  STORAGE(INITIAL 65536 NEXT 1048576 MINEXTENTS 1 MAXEXTENTS 2147483645
  PCTINCREASE 0 FREELISTS 1 FREELIST GROUPS 1
  BUFFER_POOL DEFAULT FLASH_CACHE DEFAULT CELL_FLASH_CACHE DEFAULT)
  TABLESPACE "SYSTEM" ;
--------------------------------------------------------
--  DDL for Index XPKORDENPRODUCTO
--------------------------------------------------------

  CREATE UNIQUE INDEX "USQL"."XPKORDENPRODUCTO" ON "USQL"."ORDENPRODUCTO" ("IDORDEN", "IDUSUARIO", "IDSUCURSAL", "IDPRODUCTO", "IDTIPOPRODUCTO") 
  PCTFREE 10 INITRANS 2 MAXTRANS 255 COMPUTE STATISTICS 
  STORAGE(INITIAL 65536 NEXT 1048576 MINEXTENTS 1 MAXEXTENTS 2147483645
  PCTINCREASE 0 FREELISTS 1 FREELIST GROUPS 1
  BUFFER_POOL DEFAULT FLASH_CACHE DEFAULT CELL_FLASH_CACHE DEFAULT)
  TABLESPACE "SYSTEM" ;
--------------------------------------------------------
--  DDL for Index XPKPRODUCTO
--------------------------------------------------------

  CREATE UNIQUE INDEX "USQL"."XPKPRODUCTO" ON "USQL"."PRODUCTO" ("IDPRODUCTO", "IDTIPOPRODUCTO") 
  PCTFREE 10 INITRANS 2 MAXTRANS 255 COMPUTE STATISTICS 
  STORAGE(INITIAL 65536 NEXT 1048576 MINEXTENTS 1 MAXEXTENTS 2147483645
  PCTINCREASE 0 FREELISTS 1 FREELIST GROUPS 1
  BUFFER_POOL DEFAULT FLASH_CACHE DEFAULT CELL_FLASH_CACHE DEFAULT)
  TABLESPACE "SYSTEM" ;
--------------------------------------------------------
--  DDL for Index XPKPRODUCTOPROVEEDOR
--------------------------------------------------------

  CREATE UNIQUE INDEX "USQL"."XPKPRODUCTOPROVEEDOR" ON "USQL"."PRODUCTOPROVEEDOR" ("IDPRODUCTO", "IDPROVEEDOR", "IDTIPOPRODUCTO") 
  PCTFREE 10 INITRANS 2 MAXTRANS 255 COMPUTE STATISTICS 
  TABLESPACE "SYSTEM" ;
--------------------------------------------------------
--  DDL for Index XPKPROVEEDOR
--------------------------------------------------------

  CREATE UNIQUE INDEX "USQL"."XPKPROVEEDOR" ON "USQL"."PROVEEDOR" ("IDPROVEEDOR") 
  PCTFREE 10 INITRANS 2 MAXTRANS 255 COMPUTE STATISTICS 
  STORAGE(INITIAL 65536 NEXT 1048576 MINEXTENTS 1 MAXEXTENTS 2147483645
  PCTINCREASE 0 FREELISTS 1 FREELIST GROUPS 1
  BUFFER_POOL DEFAULT FLASH_CACHE DEFAULT CELL_FLASH_CACHE DEFAULT)
  TABLESPACE "SYSTEM" ;
--------------------------------------------------------
--  DDL for Index XPKPROVINCIA
--------------------------------------------------------

  CREATE UNIQUE INDEX "USQL"."XPKPROVINCIA" ON "USQL"."PROVINCIA" ("IDPROVINCIA") 
  PCTFREE 10 INITRANS 2 MAXTRANS 255 COMPUTE STATISTICS 
  STORAGE(INITIAL 65536 NEXT 1048576 MINEXTENTS 1 MAXEXTENTS 2147483645
  PCTINCREASE 0 FREELISTS 1 FREELIST GROUPS 1
  BUFFER_POOL DEFAULT FLASH_CACHE DEFAULT CELL_FLASH_CACHE DEFAULT)
  TABLESPACE "SYSTEM" ;
--------------------------------------------------------
--  DDL for Index XPKROLES
--------------------------------------------------------

  CREATE UNIQUE INDEX "USQL"."XPKROLES" ON "USQL"."ROLES" ("IDROL") 
  PCTFREE 10 INITRANS 2 MAXTRANS 255 COMPUTE STATISTICS 
  STORAGE(INITIAL 65536 NEXT 1048576 MINEXTENTS 1 MAXEXTENTS 2147483645
  PCTINCREASE 0 FREELISTS 1 FREELIST GROUPS 1
  BUFFER_POOL DEFAULT FLASH_CACHE DEFAULT CELL_FLASH_CACHE DEFAULT)
  TABLESPACE "SYSTEM" ;
--------------------------------------------------------
--  DDL for Index XPKSUCURSAL
--------------------------------------------------------

  CREATE UNIQUE INDEX "USQL"."XPKSUCURSAL" ON "USQL"."SUCURSAL" ("IDSUCURSAL") 
  PCTFREE 10 INITRANS 2 MAXTRANS 255 COMPUTE STATISTICS 
  STORAGE(INITIAL 65536 NEXT 1048576 MINEXTENTS 1 MAXEXTENTS 2147483645
  PCTINCREASE 0 FREELISTS 1 FREELIST GROUPS 1
  BUFFER_POOL DEFAULT FLASH_CACHE DEFAULT CELL_FLASH_CACHE DEFAULT)
  TABLESPACE "SYSTEM" ;
--------------------------------------------------------
--  DDL for Index XPKSUCURSALPRODUCTO
--------------------------------------------------------

  CREATE UNIQUE INDEX "USQL"."XPKSUCURSALPRODUCTO" ON "USQL"."SUCURSALPRODUCTO" ("IDPRODUCTO", "IDTIPOPRODUCTO", "IDSUCURSAL") 
  PCTFREE 10 INITRANS 2 MAXTRANS 255 COMPUTE STATISTICS 
  TABLESPACE "SYSTEM" ;
--------------------------------------------------------
--  DDL for Index XPKTELEFONO
--------------------------------------------------------

  CREATE UNIQUE INDEX "USQL"."XPKTELEFONO" ON "USQL"."TELEFONO" ("IDTELEFONO", "IDUSUARIO") 
  PCTFREE 10 INITRANS 2 MAXTRANS 255 COMPUTE STATISTICS 
  TABLESPACE "SYSTEM" ;
--------------------------------------------------------
--  DDL for Index XPKTIPODIRECCION
--------------------------------------------------------

  CREATE UNIQUE INDEX "USQL"."XPKTIPODIRECCION" ON "USQL"."TIPODIRECCION" ("IDTIPODIRECCION") 
  PCTFREE 10 INITRANS 2 MAXTRANS 255 COMPUTE STATISTICS 
  STORAGE(INITIAL 65536 NEXT 1048576 MINEXTENTS 1 MAXEXTENTS 2147483645
  PCTINCREASE 0 FREELISTS 1 FREELIST GROUPS 1
  BUFFER_POOL DEFAULT FLASH_CACHE DEFAULT CELL_FLASH_CACHE DEFAULT)
  TABLESPACE "SYSTEM" ;
--------------------------------------------------------
--  DDL for Index XPKTIPOPRODUCTO
--------------------------------------------------------

  CREATE UNIQUE INDEX "USQL"."XPKTIPOPRODUCTO" ON "USQL"."TIPOPRODUCTO" ("IDTIPOPRODUCTO") 
  PCTFREE 10 INITRANS 2 MAXTRANS 255 COMPUTE STATISTICS 
  STORAGE(INITIAL 65536 NEXT 1048576 MINEXTENTS 1 MAXEXTENTS 2147483645
  PCTINCREASE 0 FREELISTS 1 FREELIST GROUPS 1
  BUFFER_POOL DEFAULT FLASH_CACHE DEFAULT CELL_FLASH_CACHE DEFAULT)
  TABLESPACE "SYSTEM" ;
--------------------------------------------------------
--  DDL for Index XPKTIPOTELEFONO
--------------------------------------------------------

  CREATE UNIQUE INDEX "USQL"."XPKTIPOTELEFONO" ON "USQL"."TIPOTELEFONO" ("IDTIPOTELEFONO") 
  PCTFREE 10 INITRANS 2 MAXTRANS 255 COMPUTE STATISTICS 
  STORAGE(INITIAL 65536 NEXT 1048576 MINEXTENTS 1 MAXEXTENTS 2147483645
  PCTINCREASE 0 FREELISTS 1 FREELIST GROUPS 1
  BUFFER_POOL DEFAULT FLASH_CACHE DEFAULT CELL_FLASH_CACHE DEFAULT)
  TABLESPACE "SYSTEM" ;
--------------------------------------------------------
--  DDL for Index XPKUSUARIO
--------------------------------------------------------

  CREATE UNIQUE INDEX "USQL"."XPKUSUARIO" ON "USQL"."USUARIO" ("IDUSUARIO") 
  PCTFREE 10 INITRANS 2 MAXTRANS 255 COMPUTE STATISTICS 
  STORAGE(INITIAL 65536 NEXT 1048576 MINEXTENTS 1 MAXEXTENTS 2147483645
  PCTINCREASE 0 FREELISTS 1 FREELIST GROUPS 1
  BUFFER_POOL DEFAULT FLASH_CACHE DEFAULT CELL_FLASH_CACHE DEFAULT)
  TABLESPACE "SYSTEM" ;
--------------------------------------------------------
--  DDL for Trigger TRIG_CORREO
--------------------------------------------------------

  CREATE OR REPLACE EDITIONABLE TRIGGER "USQL"."TRIG_CORREO" 
BEFORE INSERT ON CORREO
FOR EACH ROW
BEGIN
SELECT cCorreo.NEXTVAL INTO :NEW.IDCORREO FROM DUAL;
END;


/
ALTER TRIGGER "USQL"."TRIG_CORREO" ENABLE;
--------------------------------------------------------
--  DDL for Trigger TRIG_DIRECCION
--------------------------------------------------------

  CREATE OR REPLACE EDITIONABLE TRIGGER "USQL"."TRIG_DIRECCION" 
BEFORE INSERT ON DIRECCION
FOR EACH ROW
BEGIN
SELECT cDireccion.NEXTVAL INTO :NEW.idDIRECCION FROM DUAL;
END;


/
ALTER TRIGGER "USQL"."TRIG_DIRECCION" ENABLE;
--------------------------------------------------------
--  DDL for Trigger TRIG_PROVEEDOR
--------------------------------------------------------

  CREATE OR REPLACE EDITIONABLE TRIGGER "USQL"."TRIG_PROVEEDOR" 
BEFORE INSERT ON PROVEEDOR
FOR EACH ROW
BEGIN
SELECT cProveedor.NEXTVAL INTO :NEW.idproveedor FROM DUAL;
END;



/
ALTER TRIGGER "USQL"."TRIG_PROVEEDOR" ENABLE;
--------------------------------------------------------
--  DDL for Trigger TRIG_ROL
--------------------------------------------------------

  CREATE OR REPLACE EDITIONABLE TRIGGER "USQL"."TRIG_ROL" 
BEFORE INSERT ON ROLES
FOR EACH ROW
BEGIN
SELECT cRol.NEXTVAL INTO :NEW.idrol FROM DUAL;
END;



/
ALTER TRIGGER "USQL"."TRIG_ROL" ENABLE;
--------------------------------------------------------
--  DDL for Trigger TRIG_SUCURSAL
--------------------------------------------------------

  CREATE OR REPLACE EDITIONABLE TRIGGER "USQL"."TRIG_SUCURSAL" 
BEFORE INSERT ON SUCURSAL
FOR EACH ROW
BEGIN
SELECT cSucursal.NEXTVAL INTO :NEW.idSUCURSAL FROM DUAL;
END;


/
ALTER TRIGGER "USQL"."TRIG_SUCURSAL" ENABLE;
--------------------------------------------------------
--  DDL for Trigger TRIG_TELEFONO
--------------------------------------------------------

  CREATE OR REPLACE EDITIONABLE TRIGGER "USQL"."TRIG_TELEFONO" 
BEFORE INSERT ON TELEFONO
FOR EACH ROW
BEGIN
SELECT cTelefono.NEXTVAL INTO :NEW.IDTELEFONO FROM DUAL;
END;


/
ALTER TRIGGER "USQL"."TRIG_TELEFONO" ENABLE;
--------------------------------------------------------
--  DDL for Trigger TRIG_TIPOPRODUCTO
--------------------------------------------------------

  CREATE OR REPLACE EDITIONABLE TRIGGER "USQL"."TRIG_TIPOPRODUCTO" 
BEFORE INSERT ON TIPOPRODUCTO
FOR EACH ROW
BEGIN
SELECT cTipoProducto.NEXTVAL INTO :NEW.IDTIPOPRODUCTO FROM DUAL;
END;

/
ALTER TRIGGER "USQL"."TRIG_TIPOPRODUCTO" ENABLE;
--------------------------------------------------------
--  DDL for Trigger TRIG_USUARIO
--------------------------------------------------------

  CREATE OR REPLACE EDITIONABLE TRIGGER "USQL"."TRIG_USUARIO" 
BEFORE INSERT ON Usuario
FOR EACH ROW
BEGIN
SELECT cUsuario.NEXTVAL INTO :NEW.idusuario FROM DUAL;
END;



/
ALTER TRIGGER "USQL"."TRIG_USUARIO" ENABLE;
--------------------------------------------------------
--  DDL for Trigger TRIG_VENTAPRODUCTO
--------------------------------------------------------

  CREATE OR REPLACE EDITIONABLE TRIGGER "USQL"."TRIG_VENTAPRODUCTO" 
AFTER INSERT ON ORDENPRODUCTO
 FOR EACH ROW
DECLARE
var_idprod int := :NEW.IDPRODUCTO;

BEGIN

UPDATE PRODUCTO P
SET CANTIDADSTOCK=CANTIDADSTOCK-1
WHERE P.IDPRODUCTO=var_idprod;

END ;

/
ALTER TRIGGER "USQL"."TRIG_VENTAPRODUCTO" ENABLE;
--------------------------------------------------------
--  DDL for Procedure PR-ACTOC
--------------------------------------------------------
set define off;

  CREATE OR REPLACE EDITIONABLE PROCEDURE "USQL"."PR-ACTOC" (

p_id in orden.idorden%TYPE,
p_fechao in orden.fechaorden%TYPE,
p_idUsuario in orden.idusuario%TYPE,
p_idSucursal in orden.idsucursal%TYPE)is

begin

UPDATE ORDEN SET FECHAORDEN= p_fechao, IDUSUARIO = p_idUsuario, IDSUCURSAL = p_idSucursal WHERE IDORDEN = p_id;
commit;

commit;

end;

/
--------------------------------------------------------
--  DDL for Procedure PR-AGREGAROC
--------------------------------------------------------
set define off;

  CREATE OR REPLACE EDITIONABLE PROCEDURE "USQL"."PR-AGREGAROC" (
p_id in orden.idorden%TYPE,
p_fechaO in orden.fechaorden%TYPE,
p_idUsuario in orden.idusuario%TYPE,
p_idSucursal in orden.idsucursal%TYPE) is
begin
INSERT INTO ORDEN("IDORDEN", "FECHAORDEN", "IDUSUARIO", "IDSUCURSAL")
VALUES (p_id, p_fechaO, p_idUsuario,p_idSucursal);
commit;
end;



/
--------------------------------------------------------
--  DDL for Procedure PR_ACTPRODUCTO
--------------------------------------------------------
set define off;

  CREATE OR REPLACE EDITIONABLE PROCEDURE "USQL"."PR_ACTPRODUCTO" (
p_idprod in producto.idproducto%TYPE,
p_descproducto in producto.descripcionproducto%TYPE,
p_precio in producto.precioproducto%TYPE,
p_fechaelab in producto.fechaelaborado%TYPE,
p_fechavenc in producto.fechavencimiento%TYPE,
p_idtipoproducto in tipoproducto.idtipoproducto%TYPE,
p_numeroserie in producto.numeroserie%TYPE,
p_cantstock in producto.cantidadstock%TYPE,
p_cantmin in producto.cantidadminima%TYPE) is

begin

UPDATE producto
SET
descripcionproducto = p_descproducto, precioproducto = p_precio, fechaelaborado = p_fechaelab,
fechavencimiento = p_fechavenc, idtipoproducto = p_idtipoproducto, numeroserie = p_numeroserie, cantidadstock = p_cantstock,
cantidadminima = p_cantmin
WHERE 
idproducto=p_idprod;

commit;
end;



/
--------------------------------------------------------
--  DDL for Procedure PR_ACTPROVEEDOR
--------------------------------------------------------
set define off;

  CREATE OR REPLACE EDITIONABLE PROCEDURE "USQL"."PR_ACTPROVEEDOR" (
p_id in proveedor.idproveedor%TYPE,
p_nombre in proveedor.nombre%TYPE,
p_cedula in proveedor.cedulajuridica%type,
p_telefono in proveedor.telefonoproveedor%TYPE) is

begin

UPDATE Proveedor SET NOMBRE = p_nombre, CEDULAJURIDICA= p_cedula, telefonoproveedor= p_telefono WHERE IDPROVEEDOR = p_id;
commit;
end;




/
--------------------------------------------------------
--  DDL for Procedure PR_ACTROL
--------------------------------------------------------
set define off;

  CREATE OR REPLACE EDITIONABLE PROCEDURE "USQL"."PR_ACTROL" (
p_idRol in roles.idrol%TYPE,
p_nombre in roles.nombrerol%TYPE ) is

begin

UPDATE Roles SET IDROL = p_idRol,NOMBREROL= p_nombre;
commit;
end;



/
--------------------------------------------------------
--  DDL for Procedure PR_ACTSUC
--------------------------------------------------------
set define off;

  CREATE OR REPLACE EDITIONABLE PROCEDURE "USQL"."PR_ACTSUC" (
p_idSuc in sucursal.idsucursal%TYPE,
p_nombreSuc in sucursal.nombresucursal%TYPE) is
begin
UPDATE Sucursal SET NOMBRESUCURSAL= p_nombreSuc where IDSUCURSAL = p_idSuc;
commit;
end;



/
--------------------------------------------------------
--  DDL for Procedure PR_ACTTIPOPRODUCTO
--------------------------------------------------------
set define off;

  CREATE OR REPLACE EDITIONABLE PROCEDURE "USQL"."PR_ACTTIPOPRODUCTO" (
p_nombretipo in tipoproducto.nombretipoproducto%TYPE,
p_descripcion in tipoproducto.descripciontipoproducto%TYPE,
p_id in tipoproducto.idtipoproducto%TYPE) is

begin

UPDATE TipoProducto
SET NOMBRETIPOPRODUCTO = p_nombretipo, descripciontipoproducto=p_descripcion
WHERE IDTIPOPRODUCTO=p_id;

commit;
end;



/
--------------------------------------------------------
--  DDL for Procedure PR_ACTUSUARIO
--------------------------------------------------------
set define off;

  CREATE OR REPLACE EDITIONABLE PROCEDURE "USQL"."PR_ACTUSUARIO" (
p_id in usuario.idusuario%TYPE,
p_clave in usuario.clave%TYPE,
p_idrol in usuario.idrol%TYPE) is

begin

UPDATE USUARIO SET CLAVE = p_clave, IDROL= p_idrol WHERE IDUSUARIO=p_id;
commit;
end;




/
--------------------------------------------------------
--  DDL for Procedure PR_AGREGARCLIENTE
--------------------------------------------------------
set define off;

  CREATE OR REPLACE EDITIONABLE PROCEDURE "USQL"."PR_AGREGARCLIENTE" (
p_nombre in usuario.nombre%TYPE,
p_apellidos in usuario.apellidos%TYPE,
p_cedula in usuario.cedula%TYPE,
p_correo in correo.correoelectroniCO%TYPE,
p_ttelefono in tipotelefono.idtipotelefono%TYPE,
p_telefono in telefono.telefono%TYPE,
p_tdireccion in tipodireccion.idtipodireccion%TYPE,
p_provincia in provincia.idprovincia%TYPE,
p_canton in canton.idcanton%TYPE,
p_distrito in distrito.iddistrito%TYPE,
p_direccion in direccion.calle%TYPE,
p_id usuario.idusuario%TYPE) is

p_local_id number;

begin
INSERT INTO USUARIO("NOMBRE", "APELLIDOS","CEDULA","CLAVE" ,"IDROL")
VALUES (p_nombre, p_apellidos, p_cedula, p_nombre||'2021', 43);
commit;
SELECT IDUSUARIO INTO p_local_id FROM USUARIO WHERE CEDULA=p_cedula;
INSERT INTO CORREO ("CORREOELECTRONICO", "IDUSUARIO") 
VALUES (p_correo,p_local_id);
commit;
INSERT INTO TELEFONO ("TELEFONO", "IDUSUARIO", "IDTIPOTELEFONO")
VALUES (p_telefono,p_local_id,p_ttelefono);
commit;
INSERT INTO DIRECCION ("CALLE", "IDDISTRITO", "IDCANTON", "IDPROVINCIA", "IDUSUARIO", "IDTIPODIRECCION")
VALUES (p_direccion,p_distrito,p_canton, p_provincia, p_local_id,  p_tdireccion);
commit;
end;
--------------------------------------------------------
--  DDL for Procedure PR_AGREGARPRODUCTO
--------------------------------------------------------


/
--------------------------------------------------------
--  DDL for Procedure PR_AGREGARORDEN
--------------------------------------------------------
set define off;

  CREATE OR REPLACE EDITIONABLE PROCEDURE "USQL"."PR_AGREGARORDEN" (
p_fechaorden in orden.fechaorden%TYPE,
p_idsucursal in orden.idsucursal%TYPE) is
p_localordenid number;

begin

SELECT CORDEN.NEXTVAL
INTO p_localordenid FROM DUAL;

INSERT INTO orden (
    idorden,
    fechaorden,
    idusuario,
    idsucursal
) VALUES (
    p_localordenid,
    p_fechaorden,
    4,
    p_idsucursal
);

commit;
end;

/
--------------------------------------------------------
--  DDL for Procedure PR_AGREGARPRODUCTO
--------------------------------------------------------
set define off;

  CREATE OR REPLACE EDITIONABLE PROCEDURE "USQL"."PR_AGREGARPRODUCTO" (
p_descproducto in producto.descripcionproducto%TYPE,
p_precio in producto.precioproducto%TYPE,
p_fechaelab in producto.fechaelaborado%TYPE,
p_fechavenc in producto.fechavencimiento%TYPE,
p_idtipoproducto in tipoproducto.idtipoproducto%TYPE,
p_numeroserie in producto.numeroserie%TYPE,
p_cantstock in producto.cantidadstock%TYPE,
p_cantmin in producto.cantidadminima%TYPE) is

begin

INSERT INTO producto (
    idproducto,
    descripcionproducto,
    precioproducto,
    fechaelaborado,
    fechavencimiento,
    idtipoproducto,
    numeroserie,
    cantidadstock,
    cantidadminima
) VALUES (
    CTIPOPRODUCTO.NEXTVAL,
    p_descproducto,
    p_precio,
    p_fechaelab,
    p_fechavenc,
    p_idtipoproducto,
    p_numeroserie,
    p_cantstock,
    p_cantmin
);

commit;
end;


/
--------------------------------------------------------
--  DDL for Procedure PR_AGREGARPRODUCTOORDEN
--------------------------------------------------------
set define off;

  CREATE OR REPLACE EDITIONABLE PROCEDURE "USQL"."PR_AGREGARPRODUCTOORDEN" (
p_idorden in orden.idorden%TYPE,
p_idusuario in ordenproducto.idusuario%TYPE,
p_idsucursal in ordenproducto.idsucursal%TYPE,
p_idproducto in ordenproducto.idproducto%TYPE) is

p_idtitoproducto int;

begin

select idtipoproducto 
into p_idtitoproducto
from producto
where idproducto=p_idproducto;

INSERT INTO ordenproducto (
    idorden,
    idusuario,
    idsucursal,
    idproducto,
    idtipoproducto
) VALUES (
    p_idorden,
    p_idusuario,
    p_idsucursal,
    p_idproducto,
    p_idtitoproducto
);

commit;
end;
--------------------------------------------------------
--  DDL for Procedure PR_AGREGARORDEN
--------------------------------------------------------

/
--------------------------------------------------------
--  DDL for Procedure PR_AGREGARPROVEEDOR
--------------------------------------------------------
set define off;

  CREATE OR REPLACE EDITIONABLE PROCEDURE "USQL"."PR_AGREGARPROVEEDOR" (
p_nombre in proveedor.nombre%TYPE,
p_cedula in proveedor.cedulajuridica%TYPE,
p_telefono in proveedor.telefonoproveedor%TYPE) is

begin

INSERT INTO Proveedor("NOMBRE", "CEDULAJURIDICA", "TELEFONOPROVEEDOR")
VALUES (p_nombre, p_cedula, p_telefono);

commit;
end;



/
--------------------------------------------------------
--  DDL for Procedure PR_AGREGARROL
--------------------------------------------------------
set define off;

  CREATE OR REPLACE EDITIONABLE PROCEDURE "USQL"."PR_AGREGARROL" (
p_idRol in roles.idrol%TYPE,
p_nombre in roles.nombrerol%TYPE ) is

begin

INSERT INTO Roles("IDROL", "NOMBREROL")
VALUES (p_idRol, p_nombre);

commit;
end;



/
--------------------------------------------------------
--  DDL for Procedure PR_AGREGARSUC
--------------------------------------------------------
set define off;

  CREATE OR REPLACE EDITIONABLE PROCEDURE "USQL"."PR_AGREGARSUC" (
p_nombreSuc in sucursal.nombresucursal%TYPE) is
begin
INSERT INTO Sucursal("NOMBRESUCURSAL")
VALUES (p_nombreSuc);
commit;
end;



/
--------------------------------------------------------
--  DDL for Procedure PR_AGREGARTIPOPRODUCTO
--------------------------------------------------------
set define off;

  CREATE OR REPLACE EDITIONABLE PROCEDURE "USQL"."PR_AGREGARTIPOPRODUCTO" (
p_nombretipo in tipoproducto.nombretipoproducto%TYPE,
p_descripcion in tipoproducto.descripciontipoproducto%TYPE) is

begin

INSERT INTO TipoProducto(NOMBRETIPOPRODUCTO, DESCRIPCIONTIPOPRODUCTO)
VALUES (p_nombretipo, p_descripcion);

commit;
end;



/
--------------------------------------------------------
--  DDL for Procedure PR_AGREGARUSUARIO
--------------------------------------------------------
set define off;

  CREATE OR REPLACE EDITIONABLE PROCEDURE "USQL"."PR_AGREGARUSUARIO" (
p_nombre in usuario.nombre%TYPE,
p_apellidos in usuario.apellidos%TYPE,
p_clave in usuario.clave%TYPE,
p_cedula in usuario.cedula%TYPE,
p_idrol in usuario.idrol%TYPE) is

begin

INSERT INTO USUARIO("NOMBRE", "APELLIDOS", "CLAVE", "CEDULA", "IDROL")
VALUES (p_nombre, p_apellidos, p_clave, p_cedula, p_idrol);

commit;
end;




/
--------------------------------------------------------
--  DDL for Procedure PR_ELIMINARPROVEEDOR
--------------------------------------------------------
set define off;

  CREATE OR REPLACE EDITIONABLE PROCEDURE "USQL"."PR_ELIMINARPROVEEDOR" (
p_id in proveedor.idproveedor%TYPE) is

begin

DELETE FROM Proveedor WHERE idproveedor=p_id;

commit;
end;



/
--------------------------------------------------------
--  DDL for Procedure PR_ELIMINARROL
--------------------------------------------------------
set define off;

  CREATE OR REPLACE EDITIONABLE PROCEDURE "USQL"."PR_ELIMINARROL" (
p_idRol in roles.idrol%TYPE) is

begin

DELETE FROM ROLES WHERE idRol=p_idRol;

commit;
end;



/
--------------------------------------------------------
--  DDL for Procedure PR_ELIMINARSUC
--------------------------------------------------------
set define off;

  CREATE OR REPLACE EDITIONABLE PROCEDURE "USQL"."PR_ELIMINARSUC" (
p_idSuc in sucursal.idsucursal%TYPE) is
begin
DELETE FROM Sucursal WHERE IDSUCURSAL=p_idSuc;
commit;
end;



/
--------------------------------------------------------
--  DDL for Procedure PR_ELIMINARUSUARIO
--------------------------------------------------------
set define off;

  CREATE OR REPLACE EDITIONABLE PROCEDURE "USQL"."PR_ELIMINARUSUARIO" (
p_id in usuario.idusuario%TYPE) is

begin

DELETE FROM USUARIO WHERE idusuario=p_id;

commit;
end;




/
--------------------------------------------------------
--  Constraints for Table PRODUCTO
--------------------------------------------------------

  ALTER TABLE "USQL"."PRODUCTO" MODIFY ("IDPRODUCTO" NOT NULL ENABLE);
  ALTER TABLE "USQL"."PRODUCTO" MODIFY ("DESCRIPCIONPRODUCTO" NOT NULL ENABLE);
  ALTER TABLE "USQL"."PRODUCTO" MODIFY ("PRECIOPRODUCTO" NOT NULL ENABLE);
  ALTER TABLE "USQL"."PRODUCTO" MODIFY ("IDTIPOPRODUCTO" NOT NULL ENABLE);
  ALTER TABLE "USQL"."PRODUCTO" MODIFY ("NUMEROSERIE" NOT NULL ENABLE);
  ALTER TABLE "USQL"."PRODUCTO" MODIFY ("CANTIDADSTOCK" NOT NULL ENABLE);
  ALTER TABLE "USQL"."PRODUCTO" MODIFY ("CANTIDADMINIMA" NOT NULL ENABLE);
  ALTER TABLE "USQL"."PRODUCTO" ADD CONSTRAINT "XPKPRODUCTO" PRIMARY KEY ("IDPRODUCTO", "IDTIPOPRODUCTO")
  USING INDEX "USQL"."XPKPRODUCTO"  ENABLE;
--------------------------------------------------------
--  Constraints for Table ROLES
--------------------------------------------------------

  ALTER TABLE "USQL"."ROLES" MODIFY ("IDROL" NOT NULL ENABLE);
  ALTER TABLE "USQL"."ROLES" MODIFY ("NOMBREROL" NOT NULL ENABLE);
  ALTER TABLE "USQL"."ROLES" ADD CONSTRAINT "XPKROLES" PRIMARY KEY ("IDROL")
  USING INDEX "USQL"."XPKROLES"  ENABLE;
--------------------------------------------------------
--  Constraints for Table TIPODIRECCION
--------------------------------------------------------

  ALTER TABLE "USQL"."TIPODIRECCION" MODIFY ("IDTIPODIRECCION" NOT NULL ENABLE);
  ALTER TABLE "USQL"."TIPODIRECCION" ADD CONSTRAINT "XPKTIPODIRECCION" PRIMARY KEY ("IDTIPODIRECCION")
  USING INDEX "USQL"."XPKTIPODIRECCION"  ENABLE;
--------------------------------------------------------
--  Constraints for Table ORDEN
--------------------------------------------------------

  ALTER TABLE "USQL"."ORDEN" MODIFY ("IDORDEN" NOT NULL ENABLE);
  ALTER TABLE "USQL"."ORDEN" MODIFY ("FECHAORDEN" NOT NULL ENABLE);
  ALTER TABLE "USQL"."ORDEN" MODIFY ("IDUSUARIO" NOT NULL ENABLE);
  ALTER TABLE "USQL"."ORDEN" MODIFY ("IDSUCURSAL" NOT NULL ENABLE);
  ALTER TABLE "USQL"."ORDEN" ADD CONSTRAINT "XPKORDEN" PRIMARY KEY ("IDORDEN", "IDUSUARIO", "IDSUCURSAL")
  USING INDEX "USQL"."XPKORDEN"  ENABLE;
--------------------------------------------------------
--  Constraints for Table TELEFONO
--------------------------------------------------------

  ALTER TABLE "USQL"."TELEFONO" MODIFY ("IDTELEFONO" NOT NULL ENABLE);
  ALTER TABLE "USQL"."TELEFONO" MODIFY ("IDUSUARIO" NOT NULL ENABLE);
  ALTER TABLE "USQL"."TELEFONO" MODIFY ("IDTIPOTELEFONO" NOT NULL ENABLE);
  ALTER TABLE "USQL"."TELEFONO" ADD CONSTRAINT "XPKTELEFONO" PRIMARY KEY ("IDTELEFONO", "IDUSUARIO")
  USING INDEX "USQL"."XPKTELEFONO"  ENABLE;
--------------------------------------------------------
--  Constraints for Table SUCURSALPRODUCTO
--------------------------------------------------------

  ALTER TABLE "USQL"."SUCURSALPRODUCTO" MODIFY ("IDPRODUCTO" NOT NULL ENABLE);
  ALTER TABLE "USQL"."SUCURSALPRODUCTO" MODIFY ("IDTIPOPRODUCTO" NOT NULL ENABLE);
  ALTER TABLE "USQL"."SUCURSALPRODUCTO" MODIFY ("IDSUCURSAL" NOT NULL ENABLE);
  ALTER TABLE "USQL"."SUCURSALPRODUCTO" ADD CONSTRAINT "XPKSUCURSALPRODUCTO" PRIMARY KEY ("IDPRODUCTO", "IDTIPOPRODUCTO", "IDSUCURSAL")
  USING INDEX "USQL"."XPKSUCURSALPRODUCTO"  ENABLE;
--------------------------------------------------------
--  Constraints for Table CANTON
--------------------------------------------------------

  ALTER TABLE "USQL"."CANTON" MODIFY ("IDCANTON" NOT NULL ENABLE);
  ALTER TABLE "USQL"."CANTON" MODIFY ("DESCRIPCIONCANTON" NOT NULL ENABLE);
  ALTER TABLE "USQL"."CANTON" ADD CONSTRAINT "XPKCANTON" PRIMARY KEY ("IDCANTON")
  USING INDEX "USQL"."XPKCANTON"  ENABLE;
--------------------------------------------------------
--  Constraints for Table PROVINCIA
--------------------------------------------------------

  ALTER TABLE "USQL"."PROVINCIA" MODIFY ("IDPROVINCIA" NOT NULL ENABLE);
  ALTER TABLE "USQL"."PROVINCIA" ADD CONSTRAINT "XPKPROVINCIA" PRIMARY KEY ("IDPROVINCIA")
  USING INDEX "USQL"."XPKPROVINCIA"  ENABLE;
--------------------------------------------------------
--  Constraints for Table TIPOPRODUCTO
--------------------------------------------------------

  ALTER TABLE "USQL"."TIPOPRODUCTO" MODIFY ("IDTIPOPRODUCTO" NOT NULL ENABLE);
  ALTER TABLE "USQL"."TIPOPRODUCTO" ADD CONSTRAINT "XPKTIPOPRODUCTO" PRIMARY KEY ("IDTIPOPRODUCTO")
  USING INDEX "USQL"."XPKTIPOPRODUCTO"  ENABLE;
--------------------------------------------------------
--  Constraints for Table CORREO
--------------------------------------------------------

  ALTER TABLE "USQL"."CORREO" MODIFY ("IDCORREO" NOT NULL ENABLE);
  ALTER TABLE "USQL"."CORREO" MODIFY ("CORREOELECTRONICO" NOT NULL ENABLE);
  ALTER TABLE "USQL"."CORREO" MODIFY ("IDUSUARIO" NOT NULL ENABLE);
  ALTER TABLE "USQL"."CORREO" ADD CONSTRAINT "XPKCORREO" PRIMARY KEY ("IDCORREO", "IDUSUARIO")
  USING INDEX "USQL"."XPKCORREO"  ENABLE;
--------------------------------------------------------
--  Constraints for Table SUCURSAL
--------------------------------------------------------

  ALTER TABLE "USQL"."SUCURSAL" MODIFY ("IDSUCURSAL" NOT NULL ENABLE);
  ALTER TABLE "USQL"."SUCURSAL" MODIFY ("NOMBRESUCURSAL" NOT NULL ENABLE);
  ALTER TABLE "USQL"."SUCURSAL" ADD CONSTRAINT "XPKSUCURSAL" PRIMARY KEY ("IDSUCURSAL")
  USING INDEX "USQL"."XPKSUCURSAL"  ENABLE;
--------------------------------------------------------
--  Constraints for Table DISTRITO
--------------------------------------------------------

  ALTER TABLE "USQL"."DISTRITO" MODIFY ("IDDISTRITO" NOT NULL ENABLE);
  ALTER TABLE "USQL"."DISTRITO" ADD CONSTRAINT "XPKDISTRITO" PRIMARY KEY ("IDDISTRITO")
  USING INDEX "USQL"."XPKDISTRITO"  ENABLE;
--------------------------------------------------------
--  Constraints for Table ORDENPRODUCTO
--------------------------------------------------------

  ALTER TABLE "USQL"."ORDENPRODUCTO" MODIFY ("IDSUCURSAL" NOT NULL ENABLE);
  ALTER TABLE "USQL"."ORDENPRODUCTO" MODIFY ("IDORDEN" NOT NULL ENABLE);
  ALTER TABLE "USQL"."ORDENPRODUCTO" MODIFY ("IDUSUARIO" NOT NULL ENABLE);
  ALTER TABLE "USQL"."ORDENPRODUCTO" MODIFY ("IDPRODUCTO" NOT NULL ENABLE);
  ALTER TABLE "USQL"."ORDENPRODUCTO" MODIFY ("IDTIPOPRODUCTO" NOT NULL ENABLE);
  ALTER TABLE "USQL"."ORDENPRODUCTO" ADD CONSTRAINT "XPKORDENPRODUCTO" PRIMARY KEY ("IDORDEN", "IDUSUARIO", "IDSUCURSAL", "IDPRODUCTO", "IDTIPOPRODUCTO")
  USING INDEX "USQL"."XPKORDENPRODUCTO"  ENABLE;
--------------------------------------------------------
--  Constraints for Table USUARIO
--------------------------------------------------------

  ALTER TABLE "USQL"."USUARIO" ADD CONSTRAINT "CEDULAUNICA" UNIQUE ("CEDULA")
  USING INDEX "USQL"."CEDULAUNICA"  ENABLE;
  ALTER TABLE "USQL"."USUARIO" MODIFY ("APELLIDOS" NOT NULL ENABLE);
  ALTER TABLE "USQL"."USUARIO" MODIFY ("IDROL" NOT NULL ENABLE);
  ALTER TABLE "USQL"."USUARIO" MODIFY ("IDUSUARIO" NOT NULL ENABLE);
  ALTER TABLE "USQL"."USUARIO" MODIFY ("NOMBRE" NOT NULL ENABLE);
  ALTER TABLE "USQL"."USUARIO" MODIFY ("CEDULA" NOT NULL ENABLE);
  ALTER TABLE "USQL"."USUARIO" ADD CONSTRAINT "XPKUSUARIO" PRIMARY KEY ("IDUSUARIO")
  USING INDEX "USQL"."XPKUSUARIO"  ENABLE;
--------------------------------------------------------
--  Constraints for Table DIRECCION
--------------------------------------------------------

  ALTER TABLE "USQL"."DIRECCION" MODIFY ("IDDIRECCION" NOT NULL ENABLE);
  ALTER TABLE "USQL"."DIRECCION" MODIFY ("CALLE" NOT NULL ENABLE);
  ALTER TABLE "USQL"."DIRECCION" ADD CONSTRAINT "XPKDIRECCION" PRIMARY KEY ("IDDIRECCION")
  USING INDEX "USQL"."XPKDIRECCION"  ENABLE;
--------------------------------------------------------
--  Constraints for Table PROVEEDOR
--------------------------------------------------------

  ALTER TABLE "USQL"."PROVEEDOR" MODIFY ("IDPROVEEDOR" NOT NULL ENABLE);
  ALTER TABLE "USQL"."PROVEEDOR" MODIFY ("NOMBRE" NOT NULL ENABLE);
  ALTER TABLE "USQL"."PROVEEDOR" ADD CONSTRAINT "XPKPROVEEDOR" PRIMARY KEY ("IDPROVEEDOR")
  USING INDEX "USQL"."XPKPROVEEDOR"  ENABLE;
--------------------------------------------------------
--  Constraints for Table TIPOTELEFONO
--------------------------------------------------------

  ALTER TABLE "USQL"."TIPOTELEFONO" MODIFY ("IDTIPOTELEFONO" NOT NULL ENABLE);
  ALTER TABLE "USQL"."TIPOTELEFONO" ADD CONSTRAINT "XPKTIPOTELEFONO" PRIMARY KEY ("IDTIPOTELEFONO")
  USING INDEX "USQL"."XPKTIPOTELEFONO"  ENABLE;
--------------------------------------------------------
--  Constraints for Table PRODUCTOPROVEEDOR
--------------------------------------------------------

  ALTER TABLE "USQL"."PRODUCTOPROVEEDOR" MODIFY ("IDPRODUCTO" NOT NULL ENABLE);
  ALTER TABLE "USQL"."PRODUCTOPROVEEDOR" MODIFY ("IDPROVEEDOR" NOT NULL ENABLE);
  ALTER TABLE "USQL"."PRODUCTOPROVEEDOR" MODIFY ("IDTIPOPRODUCTO" NOT NULL ENABLE);
  ALTER TABLE "USQL"."PRODUCTOPROVEEDOR" ADD CONSTRAINT "XPKPRODUCTOPROVEEDOR" PRIMARY KEY ("IDPRODUCTO", "IDPROVEEDOR", "IDTIPOPRODUCTO")
  USING INDEX "USQL"."XPKPRODUCTOPROVEEDOR"  ENABLE;
--------------------------------------------------------
--  Constraints for Table METODOPAGO
--------------------------------------------------------

  ALTER TABLE "USQL"."METODOPAGO" MODIFY ("IDMETODO" NOT NULL ENABLE);
  ALTER TABLE "USQL"."METODOPAGO" MODIFY ("TIPOMETODOPAGO" NOT NULL ENABLE);
  ALTER TABLE "USQL"."METODOPAGO" ADD CONSTRAINT "XPKMETODOPAGO" PRIMARY KEY ("IDMETODO")
  USING INDEX "USQL"."XPKMETODOPAGO"  ENABLE;
--------------------------------------------------------
--  Ref Constraints for Table CANTON
--------------------------------------------------------

  ALTER TABLE "USQL"."CANTON" ADD CONSTRAINT "R_54" FOREIGN KEY ("IDPROVINCIA")
	  REFERENCES "USQL"."PROVINCIA" ("IDPROVINCIA") ON DELETE SET NULL ENABLE;
--------------------------------------------------------
--  Ref Constraints for Table CORREO
--------------------------------------------------------

  ALTER TABLE "USQL"."CORREO" ADD CONSTRAINT "R_43" FOREIGN KEY ("IDUSUARIO")
	  REFERENCES "USQL"."USUARIO" ("IDUSUARIO") ENABLE;
--------------------------------------------------------
--  Ref Constraints for Table DIRECCION
--------------------------------------------------------

  ALTER TABLE "USQL"."DIRECCION" ADD CONSTRAINT "R_57" FOREIGN KEY ("IDCANTON")
	  REFERENCES "USQL"."CANTON" ("IDCANTON") ON DELETE SET NULL ENABLE;
  ALTER TABLE "USQL"."DIRECCION" ADD CONSTRAINT "R_58" FOREIGN KEY ("IDPROVINCIA")
	  REFERENCES "USQL"."PROVINCIA" ("IDPROVINCIA") ON DELETE SET NULL ENABLE;
  ALTER TABLE "USQL"."DIRECCION" ADD CONSTRAINT "R_59" FOREIGN KEY ("IDUSUARIO")
	  REFERENCES "USQL"."USUARIO" ("IDUSUARIO") ON DELETE SET NULL ENABLE;
  ALTER TABLE "USQL"."DIRECCION" ADD CONSTRAINT "R_63" FOREIGN KEY ("IDTIPODIRECCION")
	  REFERENCES "USQL"."TIPODIRECCION" ("IDTIPODIRECCION") ON DELETE SET NULL ENABLE;
  ALTER TABLE "USQL"."DIRECCION" ADD CONSTRAINT "R_56" FOREIGN KEY ("IDDISTRITO")
	  REFERENCES "USQL"."DISTRITO" ("IDDISTRITO") ON DELETE SET NULL ENABLE;
--------------------------------------------------------
--  Ref Constraints for Table DISTRITO
--------------------------------------------------------

  ALTER TABLE "USQL"."DISTRITO" ADD CONSTRAINT "R_53" FOREIGN KEY ("IDCANTON")
	  REFERENCES "USQL"."CANTON" ("IDCANTON") ON DELETE SET NULL ENABLE;
--------------------------------------------------------
--  Ref Constraints for Table METODOPAGO
--------------------------------------------------------

  ALTER TABLE "USQL"."METODOPAGO" ADD CONSTRAINT "R_61" FOREIGN KEY ("IDORDEN", "IDUSUARIO", "IDSUCURSAL")
	  REFERENCES "USQL"."ORDEN" ("IDORDEN", "IDUSUARIO", "IDSUCURSAL") ON DELETE SET NULL ENABLE;
--------------------------------------------------------
--  Ref Constraints for Table ORDEN
--------------------------------------------------------

  ALTER TABLE "USQL"."ORDEN" ADD CONSTRAINT "R_11" FOREIGN KEY ("IDUSUARIO")
	  REFERENCES "USQL"."USUARIO" ("IDUSUARIO") ENABLE;
  ALTER TABLE "USQL"."ORDEN" ADD CONSTRAINT "R_18" FOREIGN KEY ("IDSUCURSAL")
	  REFERENCES "USQL"."SUCURSAL" ("IDSUCURSAL") ENABLE;
--------------------------------------------------------
--  Ref Constraints for Table ORDENPRODUCTO
--------------------------------------------------------

  ALTER TABLE "USQL"."ORDENPRODUCTO" ADD CONSTRAINT "R_20" FOREIGN KEY ("IDORDEN", "IDUSUARIO", "IDSUCURSAL")
	  REFERENCES "USQL"."ORDEN" ("IDORDEN", "IDUSUARIO", "IDSUCURSAL") ENABLE;
  ALTER TABLE "USQL"."ORDENPRODUCTO" ADD CONSTRAINT "R_21" FOREIGN KEY ("IDPRODUCTO", "IDTIPOPRODUCTO")
	  REFERENCES "USQL"."PRODUCTO" ("IDPRODUCTO", "IDTIPOPRODUCTO") ENABLE;
--------------------------------------------------------
--  Ref Constraints for Table PRODUCTO
--------------------------------------------------------

  ALTER TABLE "USQL"."PRODUCTO" ADD CONSTRAINT "R_16" FOREIGN KEY ("IDTIPOPRODUCTO")
	  REFERENCES "USQL"."TIPOPRODUCTO" ("IDTIPOPRODUCTO") ENABLE;
--------------------------------------------------------
--  Ref Constraints for Table PRODUCTOPROVEEDOR
--------------------------------------------------------

  ALTER TABLE "USQL"."PRODUCTOPROVEEDOR" ADD CONSTRAINT "R_14" FOREIGN KEY ("IDPRODUCTO", "IDTIPOPRODUCTO")
	  REFERENCES "USQL"."PRODUCTO" ("IDPRODUCTO", "IDTIPOPRODUCTO") ENABLE;
  ALTER TABLE "USQL"."PRODUCTOPROVEEDOR" ADD CONSTRAINT "R_15" FOREIGN KEY ("IDPROVEEDOR")
	  REFERENCES "USQL"."PROVEEDOR" ("IDPROVEEDOR") ENABLE;
--------------------------------------------------------
--  Ref Constraints for Table SUCURSALPRODUCTO
--------------------------------------------------------

  ALTER TABLE "USQL"."SUCURSALPRODUCTO" ADD CONSTRAINT "R_45" FOREIGN KEY ("IDPRODUCTO", "IDTIPOPRODUCTO")
	  REFERENCES "USQL"."PRODUCTO" ("IDPRODUCTO", "IDTIPOPRODUCTO") ENABLE;
  ALTER TABLE "USQL"."SUCURSALPRODUCTO" ADD CONSTRAINT "R_46" FOREIGN KEY ("IDSUCURSAL")
	  REFERENCES "USQL"."SUCURSAL" ("IDSUCURSAL") ENABLE;
--------------------------------------------------------
--  Ref Constraints for Table TELEFONO
--------------------------------------------------------

  ALTER TABLE "USQL"."TELEFONO" ADD CONSTRAINT "R_34" FOREIGN KEY ("IDUSUARIO")
	  REFERENCES "USQL"."USUARIO" ("IDUSUARIO") ENABLE;
  ALTER TABLE "USQL"."TELEFONO" ADD CONSTRAINT "R_62" FOREIGN KEY ("IDTIPOTELEFONO")
	  REFERENCES "USQL"."TIPOTELEFONO" ("IDTIPOTELEFONO") ENABLE;
--------------------------------------------------------
--  Ref Constraints for Table USUARIO
--------------------------------------------------------

  ALTER TABLE "USQL"."USUARIO" ADD CONSTRAINT "R_13" FOREIGN KEY ("IDROL")
	  REFERENCES "USQL"."ROLES" ("IDROL") ON DELETE SET NULL ENABLE;
